OrderID,TimestampMin,ItemID,Aisle,Category,AisleLocation
ORDER0001,1.0,ITEM10887,Aisle-9,Groceries,26
ORDER0001,1.0,ITEM12486,Aisle-17,Tools,50
ORDER0002,1.43,ITEM7561,Aisle-2,Toys,5
ORDER0002,1.43,ITEM18938,Aisle-5,Toys,14
ORDER0002,1.43,ITEM9289,Aisle-6,Apparel,17
ORDER0002,1.43,ITEM12637,Aisle-8,Electronics,23
ORDER0002,1.43,ITEM5441,Aisle-15,Groceries,44
ORDER0002,1.43,ITEM18123,Aisle-19,Electronics,56
ORDER0003,2.15,ITEM0306,Aisle-5,Apparel,14
ORDER0003,2.15,ITEM12568,Aisle-13,Electronics,38
ORDER0003,2.15,ITEM18889,Aisle-15,Groceries,44
ORDER0003,2.15,ITEM9070,Aisle-20,Books,59
ORDER0004,6.9,ITEM5081,Aisle-6,Tools,17
ORDER0004,6.9,ITEM4910,Aisle-6,Groceries,17
ORDER0004,6.9,ITEM10450,Aisle-13,Groceries,38
ORDER0004,6.9,ITEM8162,Aisle-14,Books,41
ORDER0004,6.9,ITEM0601,Aisle-20,Home,59
ORDER0004,6.9,ITEM14399,Aisle-20,Home,59
ORDER0005,8.52,ITEM19130,Aisle-6,Electronics,17
ORDER0005,8.52,ITEM5489,Aisle-13,Toys,38
ORDER0005,8.52,ITEM8439,Aisle-15,Books,44
ORDER0006,8.99,ITEM1082,Aisle-2,Groceries,5
ORDER0006,8.99,ITEM9236,Aisle-3,Books,8
ORDER0006,8.99,ITEM1950,Aisle-8,Home,23
ORDER0006,8.99,ITEM14176,Aisle-10,Groceries,29
ORDER0006,8.99,ITEM3927,Aisle-13,Tools,38
ORDER0006,8.99,ITEM7074,Aisle-13,Books,38
ORDER0006,8.99,ITEM19260,Aisle-18,Toys,53
ORDER0007,10.46,ITEM11804,Aisle-2,Groceries,5
ORDER0007,10.46,ITEM18195,Aisle-4,Books,11
ORDER0007,10.46,ITEM4097,Aisle-12,Toys,35
ORDER0007,10.46,ITEM2383,Aisle-18,Apparel,53
ORDER0007,10.46,ITEM15571,Aisle-18,Electronics,53
ORDER0008,17.67,ITEM3234,Aisle-1,Apparel,2
ORDER0008,17.67,ITEM4706,Aisle-1,Apparel,2
ORDER0008,17.67,ITEM4056,Aisle-6,Books,17
ORDER0008,17.67,ITEM1755,Aisle-14,Apparel,41
ORDER0008,17.67,ITEM5825,Aisle-15,Apparel,44
ORDER0008,17.67,ITEM0608,Aisle-20,Toys,59
ORDER0009,18.79,ITEM19930,Aisle-1,Groceries,2
ORDER0009,18.79,ITEM5967,Aisle-6,Electronics,17
ORDER0009,18.79,ITEM10414,Aisle-7,Home,20
ORDER0009,18.79,ITEM0855,Aisle-8,Groceries,23
ORDER0009,18.79,ITEM14251,Aisle-10,Books,29
ORDER0009,18.79,ITEM7384,Aisle-14,Home,41
ORDER0009,18.79,ITEM8735,Aisle-17,Tools,50
ORDER0009,18.79,ITEM18933,Aisle-20,Toys,59
ORDER0010,19.75,ITEM13090,Aisle-4,Electronics,11
ORDER0010,19.75,ITEM1881,Aisle-6,Tools,17
ORDER0010,19.75,ITEM4782,Aisle-6,Tools,17
ORDER0010,19.75,ITEM9877,Aisle-13,Electronics,38
ORDER0010,19.75,ITEM3497,Aisle-14,Books,41
ORDER0011,21.49,ITEM7550,Aisle-1,Toys,2
ORDER0011,21.49,ITEM3065,Aisle-2,Home,5
ORDER0011,21.49,ITEM0705,Aisle-3,Home,8
ORDER0011,21.49,ITEM16164,Aisle-14,Home,41
ORDER0011,21.49,ITEM13343,Aisle-16,Tools,47
ORDER0011,21.49,ITEM12938,Aisle-19,Groceries,56
ORDER0012,21.85,ITEM0710,Aisle-5,Home,14
ORDER0012,21.85,ITEM4423,Aisle-10,Toys,29
ORDER0012,21.85,ITEM2815,Aisle-11,Toys,32
ORDER0013,22.59,ITEM17688,Aisle-6,Groceries,17
ORDER0013,22.59,ITEM2552,Aisle-8,Apparel,23
ORDER0013,22.59,ITEM13949,Aisle-11,Toys,32
ORDER0013,22.59,ITEM13168,Aisle-12,Books,35
ORDER0013,22.59,ITEM17443,Aisle-16,Apparel,47
ORDER0013,22.59,ITEM9167,Aisle-16,Home,47
ORDER0013,22.59,ITEM15022,Aisle-18,Books,53
ORDER0014,25.47,ITEM0921,Aisle-1,Electronics,2
ORDER0014,25.47,ITEM15197,Aisle-1,Apparel,2
ORDER0014,25.47,ITEM0467,Aisle-4,Electronics,11
ORDER0015,26.88,ITEM2154,Aisle-7,Apparel,20
ORDER0015,26.88,ITEM10548,Aisle-8,Tools,23
ORDER0015,26.88,ITEM5778,Aisle-10,Toys,29
ORDER0015,26.88,ITEM4549,Aisle-18,Apparel,53
ORDER0016,28.32,ITEM4184,Aisle-4,Home,11
ORDER0016,28.32,ITEM2796,Aisle-5,Groceries,14
ORDER0016,28.32,ITEM3583,Aisle-7,Apparel,20
ORDER0016,28.32,ITEM17334,Aisle-7,Home,20
ORDER0016,28.32,ITEM1298,Aisle-8,Apparel,23
ORDER0016,28.32,ITEM19958,Aisle-17,Apparel,50
ORDER0016,28.32,ITEM13542,Aisle-19,Toys,56
ORDER0017,30.16,ITEM13710,Aisle-14,Apparel,41
ORDER0017,30.16,ITEM3260,Aisle-14,Tools,41
ORDER0017,30.16,ITEM19701,Aisle-15,Home,44
ORDER0018,30.88,ITEM7922,Aisle-9,Groceries,26
ORDER0018,30.88,ITEM7229,Aisle-18,Books,53
ORDER0018,30.88,ITEM14333,Aisle-19,Tools,56
ORDER0019,31.03,ITEM15062,Aisle-3,Books,8
ORDER0019,31.03,ITEM13455,Aisle-9,Apparel,26
ORDER0019,31.03,ITEM2720,Aisle-12,Groceries,35
ORDER0019,31.03,ITEM11902,Aisle-13,Tools,38
ORDER0019,31.03,ITEM17765,Aisle-14,Electronics,41
ORDER0019,31.03,ITEM6932,Aisle-15,Apparel,44
ORDER0019,31.03,ITEM9043,Aisle-16,Groceries,47
ORDER0019,31.03,ITEM14747,Aisle-18,Electronics,53
ORDER0020,31.6,ITEM9076,Aisle-7,Home,20
ORDER0020,31.6,ITEM8155,Aisle-11,Toys,32
ORDER0021,31.71,ITEM12362,Aisle-5,Home,14
ORDER0021,31.71,ITEM10674,Aisle-8,Electronics,23
ORDER0022,33.28,ITEM18094,Aisle-1,Toys,2
ORDER0022,33.28,ITEM9659,Aisle-2,Home,5
ORDER0022,33.28,ITEM12446,Aisle-9,Books,26
ORDER0022,33.28,ITEM7023,Aisle-10,Home,29
ORDER0022,33.28,ITEM14453,Aisle-16,Home,47
ORDER0022,33.28,ITEM2641,Aisle-16,Electronics,47
ORDER0023,37.73,ITEM7391,Aisle-7,Electronics,20
ORDER0023,37.73,ITEM5383,Aisle-13,Tools,38
ORDER0023,37.73,ITEM7008,Aisle-18,Tools,53
ORDER0023,37.73,ITEM1017,Aisle-19,Home,56
ORDER0024,37.99,ITEM5919,Aisle-4,Electronics,11
ORDER0024,37.99,ITEM17946,Aisle-4,Toys,11
ORDER0024,37.99,ITEM2110,Aisle-5,Home,14
ORDER0024,37.99,ITEM7891,Aisle-6,Toys,17
ORDER0024,37.99,ITEM15362,Aisle-14,Apparel,41
ORDER0024,37.99,ITEM5084,Aisle-14,Groceries,41
ORDER0024,37.99,ITEM7773,Aisle-15,Apparel,44
ORDER0024,37.99,ITEM18581,Aisle-16,Books,47
ORDER0025,38.0,ITEM10783,Aisle-2,Groceries,5
ORDER0025,38.0,ITEM16148,Aisle-5,Home,14
ORDER0025,38.0,ITEM3997,Aisle-7,Electronics,20
ORDER0025,38.0,ITEM7484,Aisle-15,Electronics,44
ORDER0025,38.0,ITEM12590,Aisle-18,Electronics,53
ORDER0025,38.0,ITEM3884,Aisle-19,Toys,56
ORDER0025,38.0,ITEM14656,Aisle-19,Books,56
ORDER0026,41.26,ITEM12870,Aisle-2,Electronics,5
ORDER0026,41.26,ITEM11685,Aisle-8,Books,23
ORDER0026,41.26,ITEM19620,Aisle-9,Apparel,26
ORDER0026,41.26,ITEM6326,Aisle-9,Electronics,26
ORDER0026,41.26,ITEM16313,Aisle-9,Electronics,26
ORDER0026,41.26,ITEM18107,Aisle-20,Apparel,59
ORDER0027,43.62,ITEM8880,Aisle-1,Books,2
ORDER0027,43.62,ITEM5055,Aisle-12,Tools,35
ORDER0027,43.62,ITEM19318,Aisle-14,Home,41
ORDER0027,43.62,ITEM11594,Aisle-15,Tools,44
ORDER0027,43.62,ITEM0978,Aisle-16,Books,47
ORDER0027,43.62,ITEM5852,Aisle-16,Toys,47
ORDER0028,53.48,ITEM5016,Aisle-6,Groceries,17
ORDER0028,53.48,ITEM16810,Aisle-19,Groceries,56
ORDER0029,61.39,ITEM16983,Aisle-6,Groceries,17
ORDER0029,61.39,ITEM13476,Aisle-12,Electronics,35
ORDER0029,61.39,ITEM2351,Aisle-14,Groceries,41
ORDER0029,61.39,ITEM5801,Aisle-18,Books,53
ORDER0030,62.34,ITEM16705,Aisle-3,Home,8
ORDER0030,62.34,ITEM19505,Aisle-3,Tools,8
ORDER0030,62.34,ITEM1374,Aisle-17,Groceries,50
ORDER0030,62.34,ITEM11535,Aisle-19,Apparel,56
ORDER0031,71.02,ITEM7557,Aisle-5,Electronics,14
ORDER0031,71.02,ITEM7017,Aisle-8,Home,23
ORDER0031,71.02,ITEM9305,Aisle-8,Apparel,23
ORDER0031,71.02,ITEM8487,Aisle-8,Home,23
ORDER0031,71.02,ITEM10085,Aisle-9,Apparel,26
ORDER0031,71.02,ITEM4973,Aisle-16,Home,47
ORDER0031,71.02,ITEM13085,Aisle-19,Home,56
ORDER0031,71.02,ITEM12443,Aisle-20,Toys,59
ORDER0032,76.39,ITEM13652,Aisle-12,Toys,35
ORDER0032,76.39,ITEM19248,Aisle-16,Toys,47
ORDER0032,76.39,ITEM4032,Aisle-18,Apparel,53
ORDER0032,76.39,ITEM9157,Aisle-19,Home,56
ORDER0033,86.07,ITEM13212,Aisle-5,Tools,14
ORDER0033,86.07,ITEM9937,Aisle-7,Electronics,20
ORDER0034,94.44,ITEM3198,Aisle-2,Electronics,5
ORDER0034,94.44,ITEM16389,Aisle-2,Tools,5
ORDER0034,94.44,ITEM7834,Aisle-5,Home,14
ORDER0034,94.44,ITEM19469,Aisle-7,Books,20
ORDER0034,94.44,ITEM15397,Aisle-17,Toys,50
ORDER0034,94.44,ITEM16106,Aisle-20,Apparel,59
ORDER0035,100.76,ITEM5980,Aisle-4,Electronics,11
ORDER0035,100.76,ITEM15854,Aisle-5,Groceries,14
ORDER0035,100.76,ITEM7637,Aisle-10,Home,29
ORDER0035,100.76,ITEM14458,Aisle-18,Groceries,53
ORDER0036,103.0,ITEM8095,Aisle-1,Toys,2
ORDER0036,103.0,ITEM15453,Aisle-3,Apparel,8
ORDER0036,103.0,ITEM15540,Aisle-4,Apparel,11
ORDER0036,103.0,ITEM16226,Aisle-8,Home,23
ORDER0036,103.0,ITEM18653,Aisle-12,Home,35
ORDER0036,103.0,ITEM2363,Aisle-14,Electronics,41
ORDER0036,103.0,ITEM9550,Aisle-16,Groceries,47
ORDER0037,104.79,ITEM12294,Aisle-1,Apparel,2
ORDER0038,118.47,ITEM1780,Aisle-2,Toys,5
ORDER0038,118.47,ITEM0879,Aisle-5,Groceries,14
ORDER0038,118.47,ITEM6404,Aisle-10,Apparel,29
ORDER0038,118.47,ITEM17535,Aisle-15,Home,44
ORDER0039,123.97,ITEM16338,Aisle-7,Tools,20
ORDER0039,123.97,ITEM13519,Aisle-20,Toys,59
ORDER0040,130.79,ITEM18997,Aisle-1,Groceries,2
ORDER0040,130.79,ITEM12015,Aisle-6,Toys,17
ORDER0040,130.79,ITEM5645,Aisle-17,Tools,50
ORDER0040,130.79,ITEM10567,Aisle-19,Home,56
ORDER0041,130.95,ITEM14015,Aisle-6,Toys,17
ORDER0041,130.95,ITEM5431,Aisle-7,Groceries,20
ORDER0041,130.95,ITEM0536,Aisle-11,Groceries,32
ORDER0041,130.95,ITEM4866,Aisle-14,Apparel,41
ORDER0041,130.95,ITEM7269,Aisle-17,Tools,50
ORDER0041,130.95,ITEM16837,Aisle-19,Books,56
ORDER0041,130.95,ITEM13127,Aisle-20,Books,59
ORDER0042,135.56,ITEM7649,Aisle-2,Apparel,5
ORDER0042,135.56,ITEM12291,Aisle-3,Tools,8
ORDER0042,135.56,ITEM8878,Aisle-4,Toys,11
ORDER0042,135.56,ITEM0886,Aisle-7,Tools,20
ORDER0042,135.56,ITEM17395,Aisle-12,Home,35
ORDER0042,135.56,ITEM19338,Aisle-15,Groceries,44
ORDER0042,135.56,ITEM0871,Aisle-18,Electronics,53
ORDER0043,137.44,ITEM0783,Aisle-2,Apparel,5
ORDER0043,137.44,ITEM12642,Aisle-3,Toys,8
ORDER0043,137.44,ITEM18250,Aisle-6,Tools,17
ORDER0043,137.44,ITEM1451,Aisle-10,Books,29
ORDER0043,137.44,ITEM17221,Aisle-15,Home,44
ORDER0043,137.44,ITEM8070,Aisle-16,Tools,47
ORDER0043,137.44,ITEM6102,Aisle-20,Groceries,59
ORDER0044,143.44,ITEM17267,Aisle-6,Groceries,17
ORDER0044,143.44,ITEM6038,Aisle-16,Home,47
ORDER0044,143.44,ITEM10727,Aisle-19,Books,56
ORDER0044,143.44,ITEM16722,Aisle-19,Home,56
ORDER0044,143.44,ITEM19217,Aisle-20,Apparel,59
ORDER0045,143.5,ITEM2092,Aisle-17,Books,50
ORDER0045,143.5,ITEM16043,Aisle-18,Groceries,53
ORDER0046,143.72,ITEM1313,Aisle-1,Toys,2
ORDER0046,143.72,ITEM18607,Aisle-7,Electronics,20
ORDER0046,143.72,ITEM6216,Aisle-9,Toys,26
ORDER0046,143.72,ITEM17628,Aisle-11,Tools,32
ORDER0046,143.72,ITEM12107,Aisle-14,Groceries,41
ORDER0047,147.7,ITEM2862,Aisle-3,Apparel,8
ORDER0047,147.7,ITEM9064,Aisle-9,Tools,26
ORDER0047,147.7,ITEM15875,Aisle-15,Books,44
ORDER0047,147.7,ITEM5918,Aisle-19,Electronics,56
ORDER0048,149.35,ITEM0550,Aisle-6,Toys,17
ORDER0048,149.35,ITEM14384,Aisle-9,Toys,26
ORDER0048,149.35,ITEM10171,Aisle-16,Electronics,47
ORDER0049,154.46,ITEM12737,Aisle-3,Electronics,8
ORDER0049,154.46,ITEM3479,Aisle-14,Apparel,41
ORDER0049,154.46,ITEM9977,Aisle-17,Tools,50
ORDER0049,154.46,ITEM2189,Aisle-17,Books,50
ORDER0050,156.54,ITEM14373,Aisle-4,Tools,11
ORDER0050,156.54,ITEM17844,Aisle-18,Groceries,53
ORDER0050,156.54,ITEM10446,Aisle-18,Toys,53
ORDER0051,157.59,ITEM5869,Aisle-3,Home,8
ORDER0051,157.59,ITEM12198,Aisle-4,Books,11
ORDER0051,157.59,ITEM16778,Aisle-7,Electronics,20
ORDER0051,157.59,ITEM2786,Aisle-19,Groceries,56
ORDER0052,158.36,ITEM2354,Aisle-2,Toys,5
ORDER0052,158.36,ITEM11496,Aisle-13,Apparel,38
ORDER0052,158.36,ITEM12752,Aisle-14,Tools,41
ORDER0052,158.36,ITEM5256,Aisle-14,Books,41
ORDER0052,158.36,ITEM12145,Aisle-18,Tools,53
ORDER0053,160.5,ITEM2930,Aisle-3,Electronics,8
ORDER0053,160.5,ITEM2139,Aisle-4,Electronics,11
ORDER0053,160.5,ITEM5669,Aisle-12,Electronics,35
ORDER0053,160.5,ITEM14984,Aisle-16,Home,47
ORDER0053,160.5,ITEM8660,Aisle-17,Groceries,50
ORDER0053,160.5,ITEM5215,Aisle-19,Home,56
ORDER0054,160.84,ITEM0474,Aisle-3,Electronics,8
ORDER0054,160.84,ITEM10596,Aisle-3,Apparel,8
ORDER0054,160.84,ITEM10097,Aisle-6,Home,17
ORDER0054,160.84,ITEM10257,Aisle-7,Toys,20
ORDER0054,160.84,ITEM10336,Aisle-9,Books,26
ORDER0055,164.39,ITEM6388,Aisle-2,Electronics,5
ORDER0055,164.39,ITEM0515,Aisle-11,Groceries,32
ORDER0056,174.61,ITEM3879,Aisle-7,Apparel,20
ORDER0056,174.61,ITEM1722,Aisle-9,Apparel,26
ORDER0056,174.61,ITEM0515,Aisle-11,Groceries,32
ORDER0056,174.61,ITEM13888,Aisle-15,Groceries,44
ORDER0056,174.61,ITEM4891,Aisle-15,Toys,44
ORDER0057,178.93,ITEM8971,Aisle-2,Tools,5
ORDER0057,178.93,ITEM9025,Aisle-8,Apparel,23
ORDER0057,178.93,ITEM17241,Aisle-18,Tools,53
ORDER0058,180.92,ITEM11334,Aisle-1,Tools,2
ORDER0058,180.92,ITEM5512,Aisle-12,Tools,35
ORDER0058,180.92,ITEM17371,Aisle-16,Home,47
ORDER0058,180.92,ITEM15479,Aisle-18,Electronics,53
ORDER0059,187.0,ITEM8274,Aisle-1,Tools,2
ORDER0059,187.0,ITEM13244,Aisle-16,Groceries,47
ORDER0059,187.0,ITEM15855,Aisle-17,Tools,50
ORDER0059,187.0,ITEM18763,Aisle-17,Home,50
ORDER0059,187.0,ITEM17444,Aisle-18,Home,53
ORDER0059,187.0,ITEM8926,Aisle-19,Books,56
ORDER0060,187.96,ITEM5287,Aisle-8,Books,23
ORDER0060,187.96,ITEM17121,Aisle-8,Tools,23
ORDER0060,187.96,ITEM8060,Aisle-13,Groceries,38
ORDER0060,187.96,ITEM9040,Aisle-14,Tools,41
ORDER0060,187.96,ITEM0836,Aisle-17,Apparel,50
ORDER0061,188.72,ITEM10534,Aisle-3,Apparel,8
ORDER0061,188.72,ITEM6334,Aisle-4,Books,11
ORDER0061,188.72,ITEM1738,Aisle-18,Groceries,53
ORDER0062,195.98,ITEM8218,Aisle-10,Electronics,29
ORDER0062,195.98,ITEM9293,Aisle-11,Electronics,32
ORDER0062,195.98,ITEM9577,Aisle-14,Apparel,41
ORDER0062,195.98,ITEM9222,Aisle-20,Groceries,59
ORDER0063,196.24,ITEM2208,Aisle-2,Toys,5
ORDER0063,196.24,ITEM9369,Aisle-3,Books,8
ORDER0063,196.24,ITEM3031,Aisle-3,Apparel,8
ORDER0063,196.24,ITEM10007,Aisle-6,Apparel,17
ORDER0063,196.24,ITEM8662,Aisle-10,Toys,29
ORDER0063,196.24,ITEM8867,Aisle-13,Toys,38
ORDER0063,196.24,ITEM18767,Aisle-17,Groceries,50
ORDER0063,196.24,ITEM13271,Aisle-18,Home,53
ORDER0063,196.24,ITEM5116,Aisle-20,Home,59
ORDER0064,198.23,ITEM13588,Aisle-3,Groceries,8
ORDER0064,198.23,ITEM17934,Aisle-4,Apparel,11
ORDER0064,198.23,ITEM0401,Aisle-5,Toys,14
ORDER0064,198.23,ITEM12244,Aisle-5,Electronics,14
ORDER0064,198.23,ITEM19660,Aisle-5,Tools,14
ORDER0064,198.23,ITEM14751,Aisle-8,Groceries,23
ORDER0064,198.23,ITEM12248,Aisle-12,Books,35
ORDER0064,198.23,ITEM13760,Aisle-15,Apparel,44
ORDER0064,198.23,ITEM17844,Aisle-18,Groceries,53
ORDER0064,198.23,ITEM7657,Aisle-18,Electronics,53
ORDER0065,203.98,ITEM2011,Aisle-2,Electronics,5
ORDER0065,203.98,ITEM6642,Aisle-9,Books,26
ORDER0065,203.98,ITEM9708,Aisle-10,Toys,29
ORDER0065,203.98,ITEM1242,Aisle-12,Apparel,35
ORDER0065,203.98,ITEM7248,Aisle-18,Apparel,53
ORDER0066,207.02,ITEM2888,Aisle-1,Books,2
ORDER0066,207.02,ITEM12102,Aisle-15,Apparel,44
ORDER0066,207.02,ITEM16224,Aisle-16,Home,47
ORDER0066,207.02,ITEM5672,Aisle-18,Home,53
ORDER0066,207.02,ITEM0696,Aisle-20,Apparel,59
ORDER0066,207.02,ITEM13798,Aisle-20,Electronics,59
ORDER0067,207.64,ITEM16709,Aisle-1,Groceries,2
ORDER0067,207.64,ITEM18392,Aisle-19,Apparel,56
ORDER0067,207.64,ITEM18556,Aisle-20,Books,59
ORDER0068,207.92,ITEM3922,Aisle-7,Tools,20
ORDER0068,207.92,ITEM14986,Aisle-7,Groceries,20
ORDER0068,207.92,ITEM1566,Aisle-11,Tools,32
ORDER0068,207.92,ITEM13262,Aisle-13,Apparel,38
ORDER0068,207.92,ITEM15475,Aisle-20,Tools,59
ORDER0069,210.02,ITEM18027,Aisle-1,Books,2
ORDER0069,210.02,ITEM14123,Aisle-3,Toys,8
ORDER0069,210.02,ITEM12714,Aisle-8,Toys,23
ORDER0069,210.02,ITEM3006,Aisle-14,Toys,41
ORDER0069,210.02,ITEM14816,Aisle-15,Electronics,44
ORDER0069,210.02,ITEM2699,Aisle-16,Groceries,47
ORDER0069,210.02,ITEM18604,Aisle-18,Apparel,53
ORDER0069,210.02,ITEM0534,Aisle-19,Groceries,56
ORDER0069,210.02,ITEM8990,Aisle-19,Tools,56
ORDER0069,210.02,ITEM2847,Aisle-20,Apparel,59
ORDER0069,210.02,ITEM8862,Aisle-20,Books,59
ORDER0070,218.13,ITEM17610,Aisle-1,Books,2
ORDER0070,218.13,ITEM12613,Aisle-1,Books,2
ORDER0070,218.13,ITEM5016,Aisle-6,Groceries,17
ORDER0070,218.13,ITEM2832,Aisle-6,Books,17
ORDER0070,218.13,ITEM6546,Aisle-6,Tools,17
ORDER0070,218.13,ITEM1116,Aisle-7,Electronics,20
ORDER0070,218.13,ITEM15417,Aisle-10,Apparel,29
ORDER0070,218.13,ITEM11616,Aisle-11,Apparel,32
ORDER0070,218.13,ITEM12144,Aisle-15,Home,44
ORDER0070,218.13,ITEM13266,Aisle-18,Groceries,53
ORDER0071,233.51,ITEM19243,Aisle-6,Tools,17
ORDER0071,233.51,ITEM2850,Aisle-11,Apparel,32
ORDER0072,233.76,ITEM16745,Aisle-14,Books,41
ORDER0072,233.76,ITEM5211,Aisle-14,Electronics,41
ORDER0072,233.76,ITEM17033,Aisle-17,Home,50
ORDER0073,233.82,ITEM15905,Aisle-4,Electronics,11
ORDER0073,233.82,ITEM9479,Aisle-6,Books,17
ORDER0073,233.82,ITEM8835,Aisle-6,Electronics,17
ORDER0073,233.82,ITEM6772,Aisle-12,Groceries,35
ORDER0073,233.82,ITEM6034,Aisle-20,Books,59
ORDER0073,233.82,ITEM8853,Aisle-20,Books,59
ORDER0074,234.07,ITEM16133,Aisle-3,Groceries,8
ORDER0074,234.07,ITEM8018,Aisle-4,Groceries,11
ORDER0074,234.07,ITEM2893,Aisle-16,Groceries,47
ORDER0074,234.07,ITEM17162,Aisle-20,Home,59
ORDER0075,234.11,ITEM5251,Aisle-15,Books,44
ORDER0075,234.11,ITEM7328,Aisle-18,Electronics,53
ORDER0075,234.11,ITEM0854,Aisle-18,Home,53
ORDER0075,234.11,ITEM2683,Aisle-20,Apparel,59
ORDER0076,236.2,ITEM5721,Aisle-2,Electronics,5
ORDER0076,236.2,ITEM8080,Aisle-4,Tools,11
ORDER0076,236.2,ITEM2873,Aisle-6,Apparel,17
ORDER0076,236.2,ITEM8273,Aisle-9,Electronics,26
ORDER0076,236.2,ITEM10685,Aisle-10,Home,29
ORDER0076,236.2,ITEM4850,Aisle-16,Toys,47
ORDER0076,236.2,ITEM4221,Aisle-19,Home,56
ORDER0076,236.2,ITEM8806,Aisle-20,Electronics,59
ORDER0077,240.12,ITEM5612,Aisle-7,Home,20
ORDER0077,240.12,ITEM11508,Aisle-9,Books,26
ORDER0077,240.12,ITEM19125,Aisle-11,Groceries,32
ORDER0078,244.37,ITEM16188,Aisle-9,Apparel,26
ORDER0078,244.37,ITEM0241,Aisle-12,Toys,35
ORDER0078,244.37,ITEM2659,Aisle-19,Toys,56
ORDER0078,244.37,ITEM2686,Aisle-19,Groceries,56
ORDER0079,245.92,ITEM18205,Aisle-2,Electronics,5
ORDER0079,245.92,ITEM4836,Aisle-2,Home,5
ORDER0079,245.92,ITEM11554,Aisle-3,Books,8
ORDER0079,245.92,ITEM2973,Aisle-6,Groceries,17
ORDER0079,245.92,ITEM2390,Aisle-13,Toys,38
ORDER0079,245.92,ITEM3664,Aisle-13,Apparel,38
ORDER0079,245.92,ITEM6565,Aisle-14,Groceries,41
ORDER0080,247.26,ITEM2732,Aisle-1,Books,2
ORDER0080,247.26,ITEM9799,Aisle-6,Electronics,17
ORDER0080,247.26,ITEM7960,Aisle-7,Groceries,20
ORDER0080,247.26,ITEM9178,Aisle-10,Electronics,29
ORDER0080,247.26,ITEM4777,Aisle-13,Home,38
ORDER0080,247.26,ITEM2484,Aisle-18,Tools,53
ORDER0080,247.26,ITEM11953,Aisle-19,Books,56
ORDER0080,247.26,ITEM5281,Aisle-20,Toys,59
ORDER0081,249.45,ITEM2234,Aisle-4,Books,11
ORDER0081,249.45,ITEM14995,Aisle-5,Groceries,14
ORDER0081,249.45,ITEM7933,Aisle-5,Toys,14
ORDER0081,249.45,ITEM17773,Aisle-6,Tools,17
ORDER0081,249.45,ITEM6107,Aisle-10,Toys,29
ORDER0082,249.65,ITEM6966,Aisle-2,Electronics,5
ORDER0082,249.65,ITEM8253,Aisle-4,Tools,11
ORDER0082,249.65,ITEM15662,Aisle-14,Home,41
ORDER0083,250.42,ITEM9551,Aisle-1,Tools,2
ORDER0083,250.42,ITEM7162,Aisle-7,Apparel,20
ORDER0084,251.47,ITEM2749,Aisle-3,Books,8
ORDER0084,251.47,ITEM11400,Aisle-8,Toys,23
ORDER0084,251.47,ITEM16292,Aisle-9,Home,26
ORDER0084,251.47,ITEM16694,Aisle-11,Books,32
ORDER0084,251.47,ITEM11467,Aisle-12,Electronics,35
ORDER0084,251.47,ITEM13627,Aisle-13,Books,38
ORDER0085,258.09,ITEM11357,Aisle-3,Books,8
ORDER0085,258.09,ITEM15716,Aisle-5,Home,14
ORDER0085,258.09,ITEM14601,Aisle-8,Books,23
ORDER0086,258.15,ITEM9961,Aisle-4,Tools,11
ORDER0086,258.15,ITEM4856,Aisle-4,Tools,11
ORDER0086,258.15,ITEM3128,Aisle-5,Apparel,14
ORDER0086,258.15,ITEM14646,Aisle-7,Toys,20
ORDER0086,258.15,ITEM12659,Aisle-8,Electronics,23
ORDER0086,258.15,ITEM0748,Aisle-19,Home,56
ORDER0086,258.15,ITEM4967,Aisle-19,Apparel,56
ORDER0087,263.68,ITEM14206,Aisle-15,Apparel,44
ORDER0087,263.68,ITEM9492,Aisle-19,Toys,56
ORDER0088,267.88,ITEM15569,Aisle-4,Toys,11
ORDER0088,267.88,ITEM5028,Aisle-6,Books,17
ORDER0088,267.88,ITEM15823,Aisle-6,Groceries,17
ORDER0088,267.88,ITEM14997,Aisle-13,Tools,38
ORDER0089,272.97,ITEM2912,Aisle-6,Tools,17
ORDER0089,272.97,ITEM10450,Aisle-13,Groceries,38
ORDER0089,272.97,ITEM7558,Aisle-14,Electronics,41
ORDER0090,280.66,ITEM11347,Aisle-6,Apparel,17
ORDER0090,280.66,ITEM9493,Aisle-9,Groceries,26
ORDER0090,280.66,ITEM2702,Aisle-11,Tools,32
ORDER0090,280.66,ITEM3659,Aisle-13,Groceries,38
ORDER0090,280.66,ITEM17713,Aisle-16,Toys,47
ORDER0091,281.59,ITEM8540,Aisle-4,Tools,11
ORDER0091,281.59,ITEM16884,Aisle-5,Books,14
ORDER0091,281.59,ITEM0194,Aisle-8,Books,23
ORDER0091,281.59,ITEM15107,Aisle-8,Apparel,23
ORDER0091,281.59,ITEM17279,Aisle-9,Tools,26
ORDER0091,281.59,ITEM9439,Aisle-10,Apparel,29
ORDER0091,281.59,ITEM10927,Aisle-10,Electronics,29
ORDER0091,281.59,ITEM7859,Aisle-14,Tools,41
ORDER0091,281.59,ITEM7002,Aisle-19,Toys,56
ORDER0092,281.86,ITEM16500,Aisle-1,Toys,2
ORDER0092,281.86,ITEM13944,Aisle-3,Tools,8
ORDER0092,281.86,ITEM19418,Aisle-14,Home,41
ORDER0092,281.86,ITEM19465,Aisle-15,Apparel,44
ORDER0092,281.86,ITEM2269,Aisle-19,Groceries,56
ORDER0093,285.28,ITEM15261,Aisle-6,Tools,17
ORDER0093,285.28,ITEM3245,Aisle-10,Apparel,29
ORDER0093,285.28,ITEM14053,Aisle-14,Tools,41
ORDER0093,285.28,ITEM7518,Aisle-16,Tools,47
ORDER0094,287.67,ITEM5069,Aisle-12,Home,35
ORDER0094,287.67,ITEM4278,Aisle-16,Groceries,47
ORDER0094,287.67,ITEM13311,Aisle-18,Apparel,53
ORDER0095,289.44,ITEM3075,Aisle-6,Apparel,17
ORDER0095,289.44,ITEM14464,Aisle-7,Home,20
ORDER0095,289.44,ITEM0579,Aisle-8,Tools,23
ORDER0095,289.44,ITEM18039,Aisle-14,Apparel,41
ORDER0096,291.57,ITEM6379,Aisle-9,Books,26
ORDER0096,291.57,ITEM7717,Aisle-9,Tools,26
ORDER0096,291.57,ITEM13617,Aisle-9,Books,26
ORDER0096,291.57,ITEM8083,Aisle-10,Toys,29
ORDER0096,291.57,ITEM15105,Aisle-16,Groceries,47
ORDER0096,291.57,ITEM13380,Aisle-17,Toys,50
ORDER0096,291.57,ITEM11191,Aisle-17,Home,50
ORDER0096,291.57,ITEM19461,Aisle-18,Groceries,53
ORDER0096,291.57,ITEM13059,Aisle-19,Electronics,56
ORDER0097,294.46,ITEM1107,Aisle-6,Electronics,17
ORDER0097,294.46,ITEM9937,Aisle-7,Electronics,20
ORDER0097,294.46,ITEM9080,Aisle-8,Toys,23
ORDER0097,294.46,ITEM14203,Aisle-9,Groceries,26
ORDER0097,294.46,ITEM13000,Aisle-11,Toys,32
ORDER0097,294.46,ITEM9510,Aisle-12,Home,35
ORDER0097,294.46,ITEM6575,Aisle-19,Apparel,56
ORDER0098,294.92,ITEM11312,Aisle-4,Toys,11
ORDER0098,294.92,ITEM5607,Aisle-6,Home,17
ORDER0098,294.92,ITEM19733,Aisle-16,Books,47
ORDER0098,294.92,ITEM6074,Aisle-20,Apparel,59
ORDER0099,306.38,ITEM18857,Aisle-10,Apparel,29
ORDER0099,306.38,ITEM1113,Aisle-13,Electronics,38
ORDER0099,306.38,ITEM10724,Aisle-15,Books,44
ORDER0100,317.42,ITEM15404,Aisle-8,Apparel,23
ORDER0100,317.42,ITEM1628,Aisle-8,Tools,23
ORDER0100,317.42,ITEM13169,Aisle-11,Electronics,32
ORDER0100,317.42,ITEM1875,Aisle-13,Groceries,38
ORDER0101,321.18,ITEM19616,Aisle-10,Books,29
ORDER0101,321.18,ITEM15385,Aisle-16,Home,47
ORDER0101,321.18,ITEM17723,Aisle-18,Toys,53
ORDER0102,324.81,ITEM13797,Aisle-1,Tools,2
ORDER0102,324.81,ITEM5504,Aisle-6,Apparel,17
ORDER0102,324.81,ITEM17512,Aisle-10,Home,29
ORDER0102,324.81,ITEM14554,Aisle-13,Books,38
ORDER0102,324.81,ITEM9144,Aisle-19,Groceries,56
ORDER0103,337.92,ITEM16546,Aisle-3,Tools,8
ORDER0103,337.92,ITEM4552,Aisle-8,Groceries,23
ORDER0103,337.92,ITEM14128,Aisle-8,Home,23
ORDER0103,337.92,ITEM14643,Aisle-10,Tools,29
ORDER0103,337.92,ITEM3753,Aisle-11,Apparel,32
ORDER0103,337.92,ITEM7808,Aisle-19,Apparel,56
ORDER0103,337.92,ITEM15796,Aisle-20,Home,59
ORDER0104,339.7,ITEM2961,Aisle-2,Apparel,5
ORDER0104,339.7,ITEM4849,Aisle-5,Electronics,14
ORDER0104,339.7,ITEM10088,Aisle-5,Toys,14
ORDER0104,339.7,ITEM11696,Aisle-5,Groceries,14
ORDER0104,339.7,ITEM17069,Aisle-6,Home,17
ORDER0104,339.7,ITEM6331,Aisle-9,Home,26
ORDER0104,339.7,ITEM0691,Aisle-10,Tools,29
ORDER0104,339.7,ITEM1899,Aisle-10,Groceries,29
ORDER0104,339.7,ITEM1665,Aisle-11,Groceries,32
ORDER0104,339.7,ITEM1040,Aisle-12,Apparel,35
ORDER0105,342.01,ITEM19460,Aisle-5,Tools,14
ORDER0105,342.01,ITEM10597,Aisle-6,Toys,17
ORDER0105,342.01,ITEM2295,Aisle-7,Tools,20
ORDER0105,342.01,ITEM11924,Aisle-9,Electronics,26
ORDER0105,342.01,ITEM11036,Aisle-12,Apparel,35
ORDER0105,342.01,ITEM15153,Aisle-13,Home,38
ORDER0105,342.01,ITEM18716,Aisle-13,Toys,38
ORDER0105,342.01,ITEM12172,Aisle-17,Home,50
ORDER0105,342.01,ITEM8203,Aisle-19,Toys,56
ORDER0105,342.01,ITEM7451,Aisle-19,Toys,56
ORDER0106,342.68,ITEM0800,Aisle-5,Home,14
ORDER0106,342.68,ITEM6718,Aisle-6,Home,17
ORDER0106,342.68,ITEM0325,Aisle-6,Groceries,17
ORDER0106,342.68,ITEM14202,Aisle-8,Apparel,23
ORDER0106,342.68,ITEM13161,Aisle-13,Tools,38
ORDER0106,342.68,ITEM17883,Aisle-18,Books,53
ORDER0107,346.87,ITEM19907,Aisle-1,Home,2
ORDER0107,346.87,ITEM0200,Aisle-5,Apparel,14
ORDER0107,346.87,ITEM17449,Aisle-7,Groceries,20
ORDER0107,346.87,ITEM4163,Aisle-15,Electronics,44
ORDER0107,346.87,ITEM15024,Aisle-16,Electronics,47
ORDER0107,346.87,ITEM2755,Aisle-17,Electronics,50
ORDER0107,346.87,ITEM0497,Aisle-20,Groceries,59
ORDER0108,350.88,ITEM5181,Aisle-6,Books,17
ORDER0108,350.88,ITEM16712,Aisle-8,Groceries,23
ORDER0108,350.88,ITEM16117,Aisle-10,Home,29
ORDER0109,358.34,ITEM4326,Aisle-2,Electronics,5
ORDER0109,358.34,ITEM1628,Aisle-8,Tools,23
ORDER0109,358.34,ITEM15296,Aisle-8,Tools,23
ORDER0109,358.34,ITEM3022,Aisle-9,Electronics,26
ORDER0109,358.34,ITEM17508,Aisle-12,Home,35
ORDER0109,358.34,ITEM12971,Aisle-13,Toys,38
ORDER0109,358.34,ITEM3433,Aisle-16,Groceries,47
ORDER0110,359.01,ITEM6244,Aisle-1,Toys,2
ORDER0110,359.01,ITEM6047,Aisle-5,Electronics,14
ORDER0110,359.01,ITEM6840,Aisle-16,Toys,47
ORDER0111,362.19,ITEM1554,Aisle-5,Toys,14
ORDER0111,362.19,ITEM3493,Aisle-6,Home,17
ORDER0111,362.19,ITEM5158,Aisle-8,Apparel,23
ORDER0111,362.19,ITEM12716,Aisle-10,Tools,29
ORDER0111,362.19,ITEM4429,Aisle-11,Books,32
ORDER0112,362.85,ITEM1055,Aisle-6,Toys,17
ORDER0112,362.85,ITEM5809,Aisle-15,Tools,44
ORDER0112,362.85,ITEM3025,Aisle-20,Tools,59
ORDER0113,364.56,ITEM17610,Aisle-1,Books,2
ORDER0113,364.56,ITEM0549,Aisle-3,Toys,8
ORDER0113,364.56,ITEM3948,Aisle-5,Toys,14
ORDER0113,364.56,ITEM13169,Aisle-11,Electronics,32
ORDER0113,364.56,ITEM10903,Aisle-14,Groceries,41
ORDER0114,376.7,ITEM8702,Aisle-4,Groceries,11
ORDER0114,376.7,ITEM2556,Aisle-11,Toys,32
ORDER0114,376.7,ITEM18095,Aisle-14,Home,41
ORDER0114,376.7,ITEM8509,Aisle-20,Toys,59
ORDER0115,381.1,ITEM11357,Aisle-3,Books,8
ORDER0115,381.1,ITEM6094,Aisle-6,Electronics,17
ORDER0115,381.1,ITEM9054,Aisle-6,Groceries,17
ORDER0115,381.1,ITEM15243,Aisle-8,Groceries,23
ORDER0115,381.1,ITEM11467,Aisle-12,Electronics,35
ORDER0115,381.1,ITEM14750,Aisle-12,Tools,35
ORDER0115,381.1,ITEM14599,Aisle-12,Electronics,35
ORDER0115,381.1,ITEM1795,Aisle-15,Toys,44
ORDER0115,381.1,ITEM4083,Aisle-19,Electronics,56
ORDER0116,388.88,ITEM7733,Aisle-4,Groceries,11
ORDER0116,388.88,ITEM0042,Aisle-4,Groceries,11
ORDER0116,388.88,ITEM14581,Aisle-16,Home,47
ORDER0116,388.88,ITEM9603,Aisle-18,Toys,53
ORDER0117,391.36,ITEM1219,Aisle-7,Books,20
ORDER0117,391.36,ITEM15557,Aisle-13,Toys,38
ORDER0117,391.36,ITEM2223,Aisle-17,Home,50
ORDER0117,391.36,ITEM14321,Aisle-19,Groceries,56
ORDER0118,400.29,ITEM16693,Aisle-11,Electronics,32
ORDER0118,400.29,ITEM19536,Aisle-12,Toys,35
ORDER0119,412.16,ITEM13648,Aisle-2,Apparel,5
ORDER0119,412.16,ITEM8567,Aisle-5,Home,14
ORDER0119,412.16,ITEM0693,Aisle-10,Apparel,29
ORDER0119,412.16,ITEM6410,Aisle-12,Home,35
ORDER0119,412.16,ITEM11010,Aisle-14,Home,41
ORDER0119,412.16,ITEM17079,Aisle-18,Groceries,53
ORDER0119,412.16,ITEM17782,Aisle-20,Home,59
ORDER0120,413.6,ITEM8665,Aisle-4,Groceries,11
ORDER0120,413.6,ITEM19424,Aisle-4,Electronics,11
ORDER0120,413.6,ITEM4849,Aisle-5,Electronics,14
ORDER0120,413.6,ITEM0296,Aisle-7,Toys,20
ORDER0120,413.6,ITEM8499,Aisle-11,Groceries,32
ORDER0120,413.6,ITEM14814,Aisle-16,Tools,47
ORDER0121,422.89,ITEM6084,Aisle-6,Books,17
ORDER0121,422.89,ITEM7182,Aisle-12,Electronics,35
ORDER0122,437.13,ITEM15797,Aisle-1,Electronics,2
ORDER0122,437.13,ITEM6417,Aisle-2,Toys,5
ORDER0122,437.13,ITEM16553,Aisle-3,Toys,8
ORDER0122,437.13,ITEM5601,Aisle-5,Home,14
ORDER0122,437.13,ITEM5439,Aisle-7,Apparel,20
ORDER0122,437.13,ITEM14657,Aisle-14,Tools,41
ORDER0123,439.0,ITEM2110,Aisle-5,Home,14
ORDER0123,439.0,ITEM7032,Aisle-5,Home,14
ORDER0123,439.0,ITEM2230,Aisle-7,Apparel,20
ORDER0123,439.0,ITEM8800,Aisle-9,Tools,26
ORDER0123,439.0,ITEM5017,Aisle-11,Electronics,32
ORDER0123,439.0,ITEM4876,Aisle-20,Electronics,59
ORDER0124,442.3,ITEM14703,Aisle-5,Apparel,14
ORDER0124,442.3,ITEM9400,Aisle-8,Books,23
ORDER0124,442.3,ITEM3352,Aisle-10,Toys,29
ORDER0124,442.3,ITEM7240,Aisle-14,Books,41
ORDER0124,442.3,ITEM8501,Aisle-16,Home,47
ORDER0124,442.3,ITEM17108,Aisle-18,Groceries,53
ORDER0125,442.83,ITEM5647,Aisle-1,Toys,2
ORDER0125,442.83,ITEM19781,Aisle-1,Tools,2
ORDER0125,442.83,ITEM1026,Aisle-3,Books,8
ORDER0125,442.83,ITEM15222,Aisle-6,Electronics,17
ORDER0125,442.83,ITEM10891,Aisle-13,Books,38
ORDER0126,444.31,ITEM3578,Aisle-4,Home,11
ORDER0126,444.31,ITEM14549,Aisle-5,Groceries,14
ORDER0126,444.31,ITEM16927,Aisle-6,Groceries,17
ORDER0126,444.31,ITEM9933,Aisle-10,Apparel,29
ORDER0126,444.31,ITEM1665,Aisle-11,Groceries,32
ORDER0126,444.31,ITEM13582,Aisle-16,Toys,47
ORDER0126,444.31,ITEM19627,Aisle-17,Electronics,50
ORDER0126,444.31,ITEM13946,Aisle-20,Home,59
ORDER0127,444.46,ITEM7357,Aisle-16,Books,47
ORDER0128,444.68,ITEM17718,Aisle-2,Books,5
ORDER0128,444.68,ITEM19209,Aisle-4,Tools,11
ORDER0128,444.68,ITEM19044,Aisle-7,Books,20
ORDER0128,444.68,ITEM17929,Aisle-9,Toys,26
ORDER0128,444.68,ITEM0318,Aisle-9,Groceries,26
ORDER0128,444.68,ITEM0437,Aisle-9,Home,26
ORDER0128,444.68,ITEM8904,Aisle-11,Tools,32
ORDER0129,451.22,ITEM15207,Aisle-1,Apparel,2
ORDER0129,451.22,ITEM11505,Aisle-7,Apparel,20
ORDER0129,451.22,ITEM0595,Aisle-13,Apparel,38
ORDER0129,451.22,ITEM8466,Aisle-14,Electronics,41
ORDER0130,453.78,ITEM2656,Aisle-6,Books,17
ORDER0130,453.78,ITEM10607,Aisle-8,Home,23
ORDER0130,453.78,ITEM6200,Aisle-8,Toys,23
ORDER0130,453.78,ITEM10974,Aisle-9,Tools,26
ORDER0130,453.78,ITEM6233,Aisle-10,Tools,29
ORDER0130,453.78,ITEM10981,Aisle-11,Apparel,32
ORDER0130,453.78,ITEM16857,Aisle-12,Apparel,35
ORDER0130,453.78,ITEM19716,Aisle-17,Apparel,50
ORDER0131,456.79,ITEM1862,Aisle-3,Groceries,8
ORDER0131,456.79,ITEM18480,Aisle-8,Electronics,23
ORDER0131,456.79,ITEM7872,Aisle-9,Apparel,26
ORDER0131,456.79,ITEM6288,Aisle-9,Apparel,26
ORDER0131,456.79,ITEM4208,Aisle-12,Electronics,35
ORDER0131,456.79,ITEM11626,Aisle-14,Tools,41
ORDER0132,456.93,ITEM6171,Aisle-14,Electronics,41
ORDER0133,464.06,ITEM8728,Aisle-3,Books,8
ORDER0133,464.06,ITEM10556,Aisle-7,Home,20
ORDER0133,464.06,ITEM12812,Aisle-18,Tools,53
ORDER0134,466.69,ITEM7049,Aisle-4,Groceries,11
ORDER0134,466.69,ITEM11944,Aisle-5,Toys,14
ORDER0135,473.05,ITEM5546,Aisle-4,Groceries,11
ORDER0135,473.05,ITEM18861,Aisle-5,Apparel,14
ORDER0135,473.05,ITEM16941,Aisle-6,Groceries,17
ORDER0135,473.05,ITEM19796,Aisle-6,Tools,17
ORDER0135,473.05,ITEM13023,Aisle-8,Electronics,23
ORDER0135,473.05,ITEM2745,Aisle-19,Toys,56
ORDER0136,477.01,ITEM16074,Aisle-2,Tools,5
ORDER0136,477.01,ITEM0579,Aisle-8,Tools,23
ORDER0136,477.01,ITEM14532,Aisle-9,Toys,26
ORDER0136,477.01,ITEM12358,Aisle-10,Home,29
ORDER0136,477.01,ITEM9535,Aisle-11,Groceries,32
ORDER0136,477.01,ITEM9149,Aisle-13,Electronics,38
ORDER0136,477.01,ITEM17070,Aisle-16,Tools,47
ORDER0137,477.84,ITEM17280,Aisle-1,Books,2
ORDER0137,477.84,ITEM1506,Aisle-4,Home,11
ORDER0137,477.84,ITEM12130,Aisle-6,Books,17
ORDER0137,477.84,ITEM3603,Aisle-16,Home,47
ORDER0138,490.27,ITEM17378,Aisle-1,Tools,2
ORDER0138,490.27,ITEM14443,Aisle-9,Home,26
ORDER0138,490.27,ITEM13610,Aisle-9,Toys,26
ORDER0138,490.27,ITEM0063,Aisle-16,Apparel,47
ORDER0139,497.53,ITEM19509,Aisle-15,Home,44
ORDER0139,497.53,ITEM18372,Aisle-16,Electronics,47
ORDER0139,497.53,ITEM2659,Aisle-19,Toys,56
ORDER0139,497.53,ITEM18178,Aisle-19,Electronics,56
ORDER0139,497.53,ITEM13127,Aisle-20,Books,59
ORDER0140,498.36,ITEM3431,Aisle-6,Books,17
ORDER0140,498.36,ITEM17940,Aisle-16,Apparel,47
ORDER0140,498.36,ITEM1602,Aisle-17,Electronics,50
ORDER0140,498.36,ITEM9614,Aisle-20,Home,59
ORDER0141,502.38,ITEM6316,Aisle-3,Toys,8
ORDER0141,502.38,ITEM6865,Aisle-3,Home,8
ORDER0141,502.38,ITEM4320,Aisle-4,Electronics,11
ORDER0141,502.38,ITEM2606,Aisle-9,Groceries,26
ORDER0141,502.38,ITEM2164,Aisle-10,Apparel,29
ORDER0141,502.38,ITEM8198,Aisle-12,Apparel,35
ORDER0141,502.38,ITEM7152,Aisle-13,Home,38
ORDER0141,502.38,ITEM14142,Aisle-13,Toys,38
ORDER0142,505.86,ITEM15526,Aisle-1,Toys,2
ORDER0142,505.86,ITEM14624,Aisle-3,Tools,8
ORDER0142,505.86,ITEM3530,Aisle-5,Toys,14
ORDER0142,505.86,ITEM8615,Aisle-6,Groceries,17
ORDER0142,505.86,ITEM18920,Aisle-9,Tools,26
ORDER0142,505.86,ITEM3618,Aisle-9,Tools,26
ORDER0143,510.19,ITEM7460,Aisle-8,Groceries,23
ORDER0143,510.19,ITEM4674,Aisle-18,Tools,53
ORDER0143,510.19,ITEM9189,Aisle-20,Tools,59
ORDER0144,518.66,ITEM13719,Aisle-5,Home,14
ORDER0144,518.66,ITEM11463,Aisle-9,Tools,26
ORDER0144,518.66,ITEM8048,Aisle-20,Groceries,59
ORDER0145,519.48,ITEM16172,Aisle-2,Electronics,5
ORDER0145,519.48,ITEM12433,Aisle-4,Home,11
ORDER0145,519.48,ITEM6182,Aisle-9,Electronics,26
ORDER0145,519.48,ITEM18006,Aisle-19,Books,56
ORDER0146,520.45,ITEM4987,Aisle-3,Groceries,8
ORDER0146,520.45,ITEM17493,Aisle-4,Toys,11
ORDER0146,520.45,ITEM18959,Aisle-7,Toys,20
ORDER0146,520.45,ITEM3454,Aisle-10,Home,29
ORDER0146,520.45,ITEM4733,Aisle-18,Books,53
ORDER0147,522.47,ITEM0932,Aisle-3,Books,8
ORDER0147,522.47,ITEM7167,Aisle-5,Groceries,14
ORDER0147,522.47,ITEM12833,Aisle-6,Apparel,17
ORDER0147,522.47,ITEM2229,Aisle-7,Toys,20
ORDER0147,522.47,ITEM12020,Aisle-9,Tools,26
ORDER0147,522.47,ITEM19210,Aisle-10,Groceries,29
ORDER0147,522.47,ITEM8227,Aisle-10,Apparel,29
ORDER0147,522.47,ITEM13060,Aisle-19,Toys,56
ORDER0148,523.99,ITEM12046,Aisle-1,Tools,2
ORDER0148,523.99,ITEM2929,Aisle-6,Groceries,17
ORDER0148,523.99,ITEM0011,Aisle-9,Books,26
ORDER0148,523.99,ITEM7013,Aisle-20,Books,59
ORDER0149,526.01,ITEM2630,Aisle-5,Electronics,14
ORDER0149,526.01,ITEM19285,Aisle-7,Tools,20
ORDER0149,526.01,ITEM1269,Aisle-10,Tools,29
ORDER0149,526.01,ITEM13646,Aisle-10,Home,29
ORDER0150,527.34,ITEM6883,Aisle-2,Home,5
ORDER0150,527.34,ITEM15160,Aisle-19,Electronics,56
ORDER0151,527.89,ITEM7343,Aisle-2,Home,5
ORDER0151,527.89,ITEM19155,Aisle-6,Toys,17
ORDER0151,527.89,ITEM11298,Aisle-11,Toys,32
ORDER0151,527.89,ITEM9044,Aisle-11,Electronics,32
ORDER0152,528.35,ITEM18319,Aisle-5,Books,14
ORDER0153,531.42,ITEM5994,Aisle-4,Toys,11
ORDER0153,531.42,ITEM12440,Aisle-5,Groceries,14
ORDER0153,531.42,ITEM12858,Aisle-10,Toys,29
ORDER0153,531.42,ITEM6351,Aisle-12,Apparel,35
ORDER0153,531.42,ITEM15362,Aisle-14,Apparel,41
ORDER0153,531.42,ITEM18473,Aisle-15,Apparel,44
ORDER0154,532.04,ITEM9810,Aisle-8,Home,23
ORDER0154,532.04,ITEM3005,Aisle-9,Electronics,26
ORDER0154,532.04,ITEM14075,Aisle-16,Groceries,47
ORDER0154,532.04,ITEM13852,Aisle-17,Apparel,50
ORDER0156,542.06,ITEM7366,Aisle-3,Home,8
ORDER0156,542.06,ITEM0357,Aisle-7,Groceries,20
ORDER0156,542.06,ITEM8904,Aisle-11,Tools,32
ORDER0156,542.06,ITEM11494,Aisle-12,Tools,35
ORDER0156,542.06,ITEM6793,Aisle-14,Electronics,41
ORDER0156,542.06,ITEM14177,Aisle-16,Groceries,47
ORDER0156,542.06,ITEM12548,Aisle-20,Home,59
ORDER0157,543.45,ITEM3127,Aisle-3,Home,8
ORDER0157,543.45,ITEM7370,Aisle-15,Groceries,44
ORDER0157,543.45,ITEM14451,Aisle-15,Tools,44
ORDER0157,543.45,ITEM12306,Aisle-17,Toys,50
ORDER0157,543.45,ITEM16668,Aisle-19,Electronics,56
ORDER0157,543.45,ITEM7548,Aisle-20,Tools,59
ORDER0158,546.29,ITEM18835,Aisle-20,Tools,59
ORDER0159,551.11,ITEM16866,Aisle-1,Apparel,2
ORDER0159,551.11,ITEM19038,Aisle-4,Toys,11
ORDER0159,551.11,ITEM11338,Aisle-5,Tools,14
ORDER0159,551.11,ITEM12448,Aisle-10,Groceries,29
ORDER0159,551.11,ITEM2548,Aisle-10,Books,29
ORDER0159,551.11,ITEM5040,Aisle-12,Home,35
ORDER0159,551.11,ITEM1911,Aisle-15,Electronics,44
ORDER0159,551.11,ITEM15078,Aisle-20,Electronics,59
ORDER0160,553.58,ITEM19849,Aisle-15,Tools,44
ORDER0160,553.58,ITEM19395,Aisle-19,Apparel,56
ORDER0160,553.58,ITEM5713,Aisle-20,Home,59
ORDER0161,553.87,ITEM3057,Aisle-13,Groceries,38
ORDER0161,553.87,ITEM4335,Aisle-19,Electronics,56
ORDER0162,554.98,ITEM7778,Aisle-8,Books,23
ORDER0162,554.98,ITEM10998,Aisle-14,Tools,41
ORDER0162,554.98,ITEM10683,Aisle-15,Apparel,44
ORDER0163,555.47,ITEM14397,Aisle-5,Toys,14
ORDER0163,555.47,ITEM17368,Aisle-10,Toys,29
ORDER0163,555.47,ITEM17600,Aisle-20,Groceries,59
ORDER0164,556.23,ITEM11581,Aisle-5,Apparel,14
ORDER0164,556.23,ITEM0710,Aisle-5,Home,14
ORDER0164,556.23,ITEM5282,Aisle-9,Groceries,26
ORDER0164,556.23,ITEM4159,Aisle-9,Electronics,26
ORDER0164,556.23,ITEM7819,Aisle-14,Books,41
ORDER0164,556.23,ITEM14820,Aisle-16,Electronics,47
ORDER0164,556.23,ITEM13721,Aisle-16,Toys,47
ORDER0164,556.23,ITEM13452,Aisle-18,Groceries,53
ORDER0165,560.66,ITEM17718,Aisle-2,Books,5
ORDER0165,560.66,ITEM17583,Aisle-2,Tools,5
ORDER0165,560.66,ITEM8695,Aisle-20,Toys,59
ORDER0166,562.37,ITEM0749,Aisle-1,Home,2
ORDER0166,562.37,ITEM9619,Aisle-14,Home,41
ORDER0166,562.37,ITEM7089,Aisle-17,Electronics,50
ORDER0166,562.37,ITEM12349,Aisle-19,Electronics,56
ORDER0167,575.54,ITEM14183,Aisle-6,Apparel,17
ORDER0167,575.54,ITEM13439,Aisle-7,Apparel,20
ORDER0167,575.54,ITEM10168,Aisle-13,Groceries,38
ORDER0167,575.54,ITEM13449,Aisle-14,Electronics,41
ORDER0167,575.54,ITEM7650,Aisle-14,Tools,41
ORDER0168,582.65,ITEM7327,Aisle-1,Home,2
ORDER0168,582.65,ITEM6601,Aisle-7,Toys,20
ORDER0168,582.65,ITEM9336,Aisle-9,Groceries,26
ORDER0168,582.65,ITEM0453,Aisle-12,Home,35
ORDER0168,582.65,ITEM2585,Aisle-14,Apparel,41
ORDER0168,582.65,ITEM4251,Aisle-19,Books,56
ORDER0169,584.12,ITEM6876,Aisle-6,Apparel,17
ORDER0169,584.12,ITEM13351,Aisle-6,Apparel,17
ORDER0169,584.12,ITEM12805,Aisle-12,Toys,35
ORDER0170,589.98,ITEM5803,Aisle-13,Home,38
ORDER0171,591.71,ITEM5735,Aisle-2,Electronics,5
ORDER0171,591.71,ITEM12232,Aisle-6,Apparel,17
ORDER0171,591.71,ITEM14355,Aisle-7,Apparel,20
ORDER0171,591.71,ITEM9934,Aisle-7,Electronics,20
ORDER0171,591.71,ITEM5610,Aisle-16,Toys,47
ORDER0171,591.71,ITEM3782,Aisle-18,Home,53
ORDER0172,608.03,ITEM12405,Aisle-1,Books,2
ORDER0172,608.03,ITEM15523,Aisle-6,Groceries,17
ORDER0172,608.03,ITEM17193,Aisle-7,Apparel,20
ORDER0172,608.03,ITEM19644,Aisle-12,Toys,35
ORDER0172,608.03,ITEM6970,Aisle-14,Apparel,41
ORDER0172,608.03,ITEM15101,Aisle-19,Home,56
ORDER0173,614.61,ITEM0979,Aisle-6,Electronics,17
ORDER0173,614.61,ITEM0271,Aisle-7,Electronics,20
ORDER0173,614.61,ITEM18956,Aisle-8,Books,23
ORDER0173,614.61,ITEM4617,Aisle-10,Home,29
ORDER0173,614.61,ITEM3163,Aisle-12,Home,35
ORDER0174,619.93,ITEM5703,Aisle-4,Home,11
ORDER0174,619.93,ITEM5109,Aisle-7,Home,20
ORDER0174,619.93,ITEM10867,Aisle-9,Tools,26
ORDER0174,619.93,ITEM10578,Aisle-17,Tools,50
ORDER0174,619.93,ITEM9492,Aisle-19,Toys,56
ORDER0174,619.93,ITEM16030,Aisle-19,Tools,56
ORDER0175,623.24,ITEM4084,Aisle-7,Apparel,20
ORDER0175,623.24,ITEM12557,Aisle-14,Electronics,41
ORDER0175,623.24,ITEM7303,Aisle-15,Electronics,44
ORDER0175,623.24,ITEM19983,Aisle-16,Apparel,47
ORDER0176,628.4,ITEM1905,Aisle-3,Books,8
ORDER0176,628.4,ITEM19761,Aisle-5,Apparel,14
ORDER0176,628.4,ITEM13103,Aisle-6,Books,17
ORDER0176,628.4,ITEM15300,Aisle-11,Home,32
ORDER0176,628.4,ITEM14599,Aisle-12,Electronics,35
ORDER0176,628.4,ITEM10761,Aisle-12,Tools,35
ORDER0176,628.4,ITEM9033,Aisle-14,Home,41
ORDER0176,628.4,ITEM18768,Aisle-19,Books,56
ORDER0176,628.4,ITEM16301,Aisle-19,Home,56
ORDER0176,628.4,ITEM12413,Aisle-20,Tools,59
ORDER0177,630.28,ITEM3904,Aisle-6,Home,17
ORDER0177,630.28,ITEM16434,Aisle-17,Books,50
ORDER0177,630.28,ITEM16870,Aisle-17,Toys,50
ORDER0177,630.28,ITEM5405,Aisle-19,Toys,56
ORDER0177,630.28,ITEM19674,Aisle-20,Home,59
ORDER0177,630.28,ITEM15029,Aisle-20,Groceries,59
ORDER0178,631.77,ITEM14789,Aisle-3,Toys,8
ORDER0178,631.77,ITEM14366,Aisle-8,Electronics,23
ORDER0178,631.77,ITEM2508,Aisle-9,Groceries,26
ORDER0178,631.77,ITEM2673,Aisle-14,Groceries,41
ORDER0179,633.31,ITEM7191,Aisle-1,Home,2
ORDER0179,633.31,ITEM6822,Aisle-1,Home,2
ORDER0179,633.31,ITEM15058,Aisle-3,Home,8
ORDER0179,633.31,ITEM0400,Aisle-7,Apparel,20
ORDER0179,633.31,ITEM13958,Aisle-13,Toys,38
ORDER0179,633.31,ITEM6802,Aisle-16,Books,47
ORDER0179,633.31,ITEM3969,Aisle-16,Apparel,47
ORDER0179,633.31,ITEM3404,Aisle-20,Toys,59
ORDER0180,647.24,ITEM0148,Aisle-10,Books,29
ORDER0180,647.24,ITEM13377,Aisle-12,Electronics,35
ORDER0180,647.24,ITEM15465,Aisle-12,Groceries,35
ORDER0180,647.24,ITEM19184,Aisle-14,Groceries,41
ORDER0181,651.36,ITEM9359,Aisle-3,Books,8
ORDER0181,651.36,ITEM19305,Aisle-6,Home,17
ORDER0181,651.36,ITEM3794,Aisle-8,Tools,23
ORDER0181,651.36,ITEM5891,Aisle-12,Toys,35
ORDER0181,651.36,ITEM8803,Aisle-13,Toys,38
ORDER0181,651.36,ITEM3057,Aisle-13,Groceries,38
ORDER0181,651.36,ITEM8012,Aisle-13,Electronics,38
ORDER0181,651.36,ITEM18393,Aisle-16,Electronics,47
ORDER0181,651.36,ITEM1793,Aisle-17,Electronics,50
ORDER0182,652.18,ITEM4439,Aisle-2,Home,5
ORDER0182,652.18,ITEM3362,Aisle-3,Books,8
ORDER0182,652.18,ITEM5400,Aisle-8,Electronics,23
ORDER0182,652.18,ITEM10954,Aisle-9,Tools,26
ORDER0182,652.18,ITEM2916,Aisle-17,Home,50
ORDER0183,660.71,ITEM10232,Aisle-7,Apparel,20
ORDER0183,660.71,ITEM18071,Aisle-8,Home,23
ORDER0183,660.71,ITEM10752,Aisle-12,Home,35
ORDER0183,660.71,ITEM17218,Aisle-13,Toys,38
ORDER0183,660.71,ITEM5952,Aisle-20,Home,59
ORDER0184,662.17,ITEM7552,Aisle-5,Books,14
ORDER0184,662.17,ITEM12299,Aisle-9,Home,26
ORDER0185,663.04,ITEM9409,Aisle-1,Books,2
ORDER0185,663.04,ITEM6875,Aisle-2,Toys,5
ORDER0185,663.04,ITEM12374,Aisle-6,Toys,17
ORDER0185,663.04,ITEM12022,Aisle-6,Books,17
ORDER0185,663.04,ITEM8216,Aisle-6,Books,17
ORDER0185,663.04,ITEM15817,Aisle-12,Apparel,35
ORDER0185,663.04,ITEM9438,Aisle-17,Tools,50
ORDER0185,663.04,ITEM15743,Aisle-18,Home,53
ORDER0185,663.04,ITEM9280,Aisle-20,Electronics,59
ORDER0186,672.73,ITEM19819,Aisle-5,Apparel,14
ORDER0186,672.73,ITEM12318,Aisle-15,Apparel,44
ORDER0187,673.27,ITEM18488,Aisle-2,Apparel,5
ORDER0187,673.27,ITEM11591,Aisle-4,Electronics,11
ORDER0187,673.27,ITEM2599,Aisle-9,Apparel,26
ORDER0187,673.27,ITEM15267,Aisle-9,Apparel,26
ORDER0187,673.27,ITEM0704,Aisle-13,Apparel,38
ORDER0187,673.27,ITEM16164,Aisle-14,Home,41
ORDER0187,673.27,ITEM14470,Aisle-15,Electronics,44
ORDER0187,673.27,ITEM2122,Aisle-15,Electronics,44
ORDER0187,673.27,ITEM12695,Aisle-17,Toys,50
ORDER0187,673.27,ITEM8862,Aisle-20,Books,59
ORDER0188,683.19,ITEM17868,Aisle-2,Home,5
ORDER0188,683.19,ITEM2853,Aisle-4,Electronics,11
ORDER0188,683.19,ITEM0055,Aisle-6,Books,17
ORDER0188,683.19,ITEM7496,Aisle-8,Home,23
ORDER0188,683.19,ITEM1724,Aisle-10,Toys,29
ORDER0188,683.19,ITEM8399,Aisle-13,Electronics,38
ORDER0188,683.19,ITEM0594,Aisle-17,Home,50
ORDER0188,683.19,ITEM1681,Aisle-18,Tools,53
ORDER0189,687.32,ITEM4110,Aisle-4,Home,11
ORDER0189,687.32,ITEM0675,Aisle-5,Apparel,14
ORDER0190,688.68,ITEM17417,Aisle-2,Home,5
ORDER0190,688.68,ITEM16782,Aisle-4,Toys,11
ORDER0190,688.68,ITEM8130,Aisle-8,Tools,23
ORDER0190,688.68,ITEM8594,Aisle-9,Groceries,26
ORDER0190,688.68,ITEM1569,Aisle-18,Toys,53
ORDER0190,688.68,ITEM17166,Aisle-19,Electronics,56
ORDER0191,690.48,ITEM3837,Aisle-1,Electronics,2
ORDER0191,690.48,ITEM6730,Aisle-8,Apparel,23
ORDER0191,690.48,ITEM12439,Aisle-9,Electronics,26
ORDER0191,690.48,ITEM3993,Aisle-14,Groceries,41
ORDER0191,690.48,ITEM11847,Aisle-15,Groceries,44
ORDER0191,690.48,ITEM14487,Aisle-17,Electronics,50
ORDER0191,690.48,ITEM13634,Aisle-18,Groceries,53
ORDER0192,692.31,ITEM11128,Aisle-5,Groceries,14
ORDER0192,692.31,ITEM19389,Aisle-6,Tools,17
ORDER0192,692.31,ITEM16498,Aisle-12,Apparel,35
ORDER0192,692.31,ITEM3664,Aisle-13,Apparel,38
ORDER0192,692.31,ITEM10051,Aisle-14,Tools,41
ORDER0192,692.31,ITEM5785,Aisle-15,Books,44
ORDER0193,695.37,ITEM11089,Aisle-5,Toys,14
ORDER0193,695.37,ITEM9333,Aisle-5,Electronics,14
ORDER0193,695.37,ITEM0849,Aisle-12,Apparel,35
ORDER0193,695.37,ITEM15271,Aisle-14,Tools,41
ORDER0194,701.09,ITEM1873,Aisle-3,Electronics,8
ORDER0194,701.09,ITEM14049,Aisle-10,Books,29
ORDER0194,701.09,ITEM9649,Aisle-11,Books,32
ORDER0194,701.09,ITEM1668,Aisle-12,Books,35
ORDER0194,701.09,ITEM6131,Aisle-14,Toys,41
ORDER0195,703.55,ITEM11995,Aisle-4,Tools,11
ORDER0195,703.55,ITEM10654,Aisle-6,Home,17
ORDER0195,703.55,ITEM2661,Aisle-12,Groceries,35
ORDER0195,703.55,ITEM15557,Aisle-13,Toys,38
ORDER0195,703.55,ITEM12249,Aisle-16,Groceries,47
ORDER0196,704.85,ITEM6678,Aisle-6,Toys,17
ORDER0196,704.85,ITEM12461,Aisle-8,Tools,23
ORDER0196,704.85,ITEM3332,Aisle-17,Toys,50
ORDER0196,704.85,ITEM13283,Aisle-17,Books,50
ORDER0196,704.85,ITEM9457,Aisle-17,Electronics,50
ORDER0197,708.8,ITEM1160,Aisle-8,Electronics,23
ORDER0197,708.8,ITEM11653,Aisle-14,Tools,41
ORDER0197,708.8,ITEM14538,Aisle-16,Toys,47
ORDER0197,708.8,ITEM1877,Aisle-20,Books,59
ORDER0198,709.27,ITEM6062,Aisle-1,Apparel,2
ORDER0198,709.27,ITEM11146,Aisle-6,Tools,17
ORDER0198,709.27,ITEM3796,Aisle-9,Apparel,26
ORDER0198,709.27,ITEM18331,Aisle-12,Books,35
ORDER0199,713.54,ITEM1438,Aisle-6,Groceries,17
ORDER0199,713.54,ITEM9954,Aisle-20,Groceries,59
ORDER0200,724.19,ITEM13671,Aisle-1,Toys,2
ORDER0200,724.19,ITEM3184,Aisle-3,Books,8
ORDER0200,724.19,ITEM1133,Aisle-11,Home,32
ORDER0200,724.19,ITEM12741,Aisle-12,Home,35
ORDER0200,724.19,ITEM11377,Aisle-17,Electronics,50
ORDER0201,731.16,ITEM4300,Aisle-19,Electronics,56
ORDER0202,736.39,ITEM6046,Aisle-2,Electronics,5
ORDER0202,736.39,ITEM3528,Aisle-4,Toys,11
ORDER0202,736.39,ITEM2650,Aisle-5,Electronics,14
ORDER0202,736.39,ITEM17492,Aisle-12,Apparel,35
ORDER0202,736.39,ITEM8350,Aisle-12,Groceries,35
ORDER0202,736.39,ITEM1363,Aisle-13,Electronics,38
ORDER0203,739.54,ITEM9387,Aisle-6,Groceries,17
ORDER0203,739.54,ITEM1779,Aisle-8,Tools,23
ORDER0203,739.54,ITEM18236,Aisle-10,Home,29
ORDER0203,739.54,ITEM1367,Aisle-10,Groceries,29
ORDER0203,739.54,ITEM16469,Aisle-12,Groceries,35
ORDER0203,739.54,ITEM6045,Aisle-13,Books,38
ORDER0203,739.54,ITEM10600,Aisle-19,Apparel,56
ORDER0203,739.54,ITEM17321,Aisle-20,Electronics,59
ORDER0204,740.71,ITEM2568,Aisle-1,Books,2
ORDER0204,740.71,ITEM18293,Aisle-11,Apparel,32
ORDER0204,740.71,ITEM5811,Aisle-19,Books,56
ORDER0205,743.68,ITEM11077,Aisle-11,Books,32
ORDER0205,743.68,ITEM9741,Aisle-12,Apparel,35
ORDER0205,743.68,ITEM2542,Aisle-18,Groceries,53
ORDER0205,743.68,ITEM1861,Aisle-20,Toys,59
ORDER0206,745.55,ITEM5361,Aisle-4,Apparel,11
ORDER0206,745.55,ITEM5598,Aisle-6,Groceries,17
ORDER0206,745.55,ITEM7521,Aisle-14,Tools,41
ORDER0206,745.55,ITEM13660,Aisle-14,Books,41
ORDER0206,745.55,ITEM11136,Aisle-19,Groceries,56
ORDER0206,745.55,ITEM3610,Aisle-19,Groceries,56
ORDER0207,747.75,ITEM17182,Aisle-10,Toys,29
ORDER0207,747.75,ITEM10838,Aisle-12,Tools,35
ORDER0207,747.75,ITEM17698,Aisle-14,Groceries,41
ORDER0207,747.75,ITEM5466,Aisle-15,Electronics,44
ORDER0208,757.86,ITEM1382,Aisle-7,Books,20
ORDER0208,757.86,ITEM8081,Aisle-14,Tools,41
ORDER0208,757.86,ITEM13736,Aisle-14,Electronics,41
ORDER0209,763.02,ITEM4809,Aisle-1,Groceries,2
ORDER0209,763.02,ITEM17689,Aisle-8,Toys,23
ORDER0209,763.02,ITEM1373,Aisle-14,Groceries,41
ORDER0209,763.02,ITEM19846,Aisle-14,Home,41
ORDER0209,763.02,ITEM2820,Aisle-19,Books,56
ORDER0209,763.02,ITEM18984,Aisle-19,Books,56
ORDER0210,773.62,ITEM17296,Aisle-8,Home,23
ORDER0210,773.62,ITEM15038,Aisle-11,Tools,32
ORDER0211,777.37,ITEM14236,Aisle-5,Tools,14
ORDER0211,777.37,ITEM12447,Aisle-9,Tools,26
ORDER0211,777.37,ITEM7239,Aisle-12,Books,35
ORDER0211,777.37,ITEM17821,Aisle-12,Groceries,35
ORDER0211,777.37,ITEM16134,Aisle-19,Tools,56
ORDER0212,778.35,ITEM16317,Aisle-5,Toys,14
ORDER0212,778.35,ITEM13610,Aisle-9,Toys,26
ORDER0213,781.94,ITEM1395,Aisle-1,Electronics,2
ORDER0213,781.94,ITEM12684,Aisle-15,Apparel,44
ORDER0213,781.94,ITEM7439,Aisle-20,Home,59
ORDER0214,784.31,ITEM17796,Aisle-3,Toys,8
ORDER0214,784.31,ITEM7263,Aisle-15,Tools,44
ORDER0214,784.31,ITEM2038,Aisle-18,Home,53
ORDER0214,784.31,ITEM6360,Aisle-19,Toys,56
ORDER0215,784.7,ITEM5943,Aisle-1,Books,2
ORDER0215,784.7,ITEM14759,Aisle-10,Books,29
ORDER0215,784.7,ITEM16293,Aisle-14,Books,41
ORDER0215,784.7,ITEM12281,Aisle-15,Home,44
ORDER0215,784.7,ITEM14060,Aisle-16,Apparel,47
ORDER0215,784.7,ITEM15101,Aisle-19,Home,56
ORDER0215,784.7,ITEM8342,Aisle-19,Electronics,56
ORDER0216,793.37,ITEM2771,Aisle-2,Home,5
ORDER0216,793.37,ITEM5264,Aisle-12,Groceries,35
ORDER0216,793.37,ITEM17624,Aisle-13,Groceries,38
ORDER0216,793.37,ITEM5322,Aisle-19,Apparel,56
ORDER0217,795.52,ITEM16017,Aisle-2,Books,5
ORDER0217,795.52,ITEM5800,Aisle-3,Groceries,8
ORDER0217,795.52,ITEM15304,Aisle-13,Books,38
ORDER0217,795.52,ITEM8778,Aisle-18,Groceries,53
ORDER0218,798.22,ITEM18137,Aisle-1,Home,2
ORDER0218,798.22,ITEM7183,Aisle-9,Groceries,26
ORDER0218,798.22,ITEM13343,Aisle-16,Tools,47
ORDER0218,798.22,ITEM12459,Aisle-17,Groceries,50
ORDER0218,798.22,ITEM18625,Aisle-20,Books,59
ORDER0219,803.03,ITEM8322,Aisle-1,Home,2
ORDER0219,803.03,ITEM8952,Aisle-1,Electronics,2
ORDER0219,803.03,ITEM17301,Aisle-5,Home,14
ORDER0219,803.03,ITEM3005,Aisle-9,Electronics,26
ORDER0219,803.03,ITEM14049,Aisle-10,Books,29
ORDER0219,803.03,ITEM4043,Aisle-19,Electronics,56
ORDER0220,805.25,ITEM11190,Aisle-4,Books,11
ORDER0220,805.25,ITEM16841,Aisle-12,Groceries,35
ORDER0220,805.25,ITEM10673,Aisle-14,Home,41
ORDER0221,805.33,ITEM14365,Aisle-6,Electronics,17
ORDER0221,805.33,ITEM18888,Aisle-16,Tools,47
ORDER0221,805.33,ITEM6210,Aisle-16,Home,47
ORDER0221,805.33,ITEM19006,Aisle-19,Electronics,56
ORDER0221,805.33,ITEM17091,Aisle-20,Books,59
ORDER0222,812.61,ITEM9915,Aisle-7,Books,20
ORDER0222,812.61,ITEM1196,Aisle-8,Groceries,23
ORDER0222,812.61,ITEM15335,Aisle-17,Tools,50
ORDER0222,812.61,ITEM3526,Aisle-20,Home,59
ORDER0223,812.61,ITEM3687,Aisle-3,Apparel,8
ORDER0223,812.61,ITEM10938,Aisle-8,Toys,23
ORDER0223,812.61,ITEM10852,Aisle-9,Apparel,26
ORDER0223,812.61,ITEM12809,Aisle-9,Home,26
ORDER0223,812.61,ITEM9607,Aisle-11,Home,32
ORDER0223,812.61,ITEM11769,Aisle-13,Home,38
ORDER0223,812.61,ITEM19584,Aisle-16,Apparel,47
ORDER0223,812.61,ITEM6915,Aisle-18,Apparel,53
ORDER0223,812.61,ITEM7153,Aisle-18,Groceries,53
ORDER0224,818.45,ITEM0793,Aisle-2,Tools,5
ORDER0224,818.45,ITEM10159,Aisle-3,Electronics,8
ORDER0224,818.45,ITEM8885,Aisle-15,Groceries,44
ORDER0224,818.45,ITEM7831,Aisle-18,Tools,53
ORDER0225,821.48,ITEM9362,Aisle-1,Toys,2
ORDER0225,821.48,ITEM12713,Aisle-2,Electronics,5
ORDER0225,821.48,ITEM9784,Aisle-8,Books,23
ORDER0225,821.48,ITEM2729,Aisle-18,Electronics,53
ORDER0225,821.48,ITEM9541,Aisle-20,Groceries,59
ORDER0225,821.48,ITEM12874,Aisle-20,Home,59
ORDER0226,822.93,ITEM6719,Aisle-2,Books,5
ORDER0226,822.93,ITEM18617,Aisle-5,Home,14
ORDER0226,822.93,ITEM19564,Aisle-5,Toys,14
ORDER0226,822.93,ITEM9176,Aisle-5,Apparel,14
ORDER0226,822.93,ITEM10820,Aisle-9,Home,26
ORDER0226,822.93,ITEM17561,Aisle-11,Home,32
ORDER0226,822.93,ITEM13939,Aisle-11,Toys,32
ORDER0226,822.93,ITEM13999,Aisle-16,Tools,47
ORDER0226,822.93,ITEM4656,Aisle-17,Books,50
ORDER0226,822.93,ITEM5454,Aisle-18,Tools,53
ORDER0228,828.64,ITEM4911,Aisle-1,Books,2
ORDER0228,828.64,ITEM15654,Aisle-12,Tools,35
ORDER0229,828.88,ITEM8263,Aisle-4,Groceries,11
ORDER0229,828.88,ITEM9907,Aisle-4,Tools,11
ORDER0229,828.88,ITEM5905,Aisle-9,Groceries,26
ORDER0230,828.94,ITEM3435,Aisle-5,Apparel,14
ORDER0230,828.94,ITEM5016,Aisle-6,Groceries,17
ORDER0230,828.94,ITEM13766,Aisle-8,Tools,23
ORDER0230,828.94,ITEM5850,Aisle-8,Books,23
ORDER0230,828.94,ITEM0922,Aisle-9,Toys,26
ORDER0230,828.94,ITEM1527,Aisle-14,Home,41
ORDER0231,830.2,ITEM9798,Aisle-6,Electronics,17
ORDER0231,830.2,ITEM2431,Aisle-11,Apparel,32
ORDER0231,830.2,ITEM0881,Aisle-18,Home,53
ORDER0231,830.2,ITEM4611,Aisle-19,Electronics,56
ORDER0231,830.2,ITEM13969,Aisle-20,Books,59
ORDER0232,843.43,ITEM6408,Aisle-2,Electronics,5
ORDER0232,843.43,ITEM13224,Aisle-4,Electronics,11
ORDER0232,843.43,ITEM14750,Aisle-12,Tools,35
ORDER0232,843.43,ITEM6151,Aisle-14,Electronics,41
ORDER0233,843.49,ITEM14912,Aisle-10,Home,29
ORDER0233,843.49,ITEM6066,Aisle-10,Tools,29
ORDER0233,843.49,ITEM8667,Aisle-13,Tools,38
ORDER0233,843.49,ITEM7005,Aisle-15,Toys,44
ORDER0234,856.73,ITEM0852,Aisle-1,Groceries,2
ORDER0234,856.73,ITEM17435,Aisle-12,Books,35
ORDER0234,856.73,ITEM10743,Aisle-14,Electronics,41
ORDER0234,856.73,ITEM10719,Aisle-16,Books,47
ORDER0234,856.73,ITEM5477,Aisle-18,Home,53
ORDER0234,856.73,ITEM19669,Aisle-20,Electronics,59
ORDER0235,860.03,ITEM12351,Aisle-1,Tools,2
ORDER0235,860.03,ITEM13381,Aisle-8,Books,23
ORDER0235,860.03,ITEM0127,Aisle-9,Home,26
ORDER0235,860.03,ITEM9977,Aisle-17,Tools,50
ORDER0236,864.23,ITEM10201,Aisle-1,Toys,2
ORDER0236,864.23,ITEM8717,Aisle-2,Apparel,5
ORDER0236,864.23,ITEM5442,Aisle-8,Groceries,23
ORDER0236,864.23,ITEM15394,Aisle-15,Apparel,44
ORDER0237,868.21,ITEM18620,Aisle-11,Apparel,32
ORDER0237,868.21,ITEM2651,Aisle-12,Tools,35
ORDER0237,868.21,ITEM1835,Aisle-14,Apparel,41
ORDER0237,868.21,ITEM2957,Aisle-14,Electronics,41
ORDER0238,869.56,ITEM17801,Aisle-1,Books,2
ORDER0238,869.56,ITEM3570,Aisle-2,Toys,5
ORDER0238,869.56,ITEM2284,Aisle-7,Apparel,20
ORDER0238,869.56,ITEM14210,Aisle-7,Books,20
ORDER0238,869.56,ITEM7701,Aisle-8,Apparel,23
ORDER0238,869.56,ITEM1789,Aisle-19,Home,56
ORDER0238,869.56,ITEM7457,Aisle-20,Toys,59
ORDER0239,869.91,ITEM15303,Aisle-2,Home,5
ORDER0239,869.91,ITEM7598,Aisle-7,Books,20
ORDER0239,869.91,ITEM5602,Aisle-7,Books,20
ORDER0239,869.91,ITEM14583,Aisle-11,Apparel,32
ORDER0239,869.91,ITEM4905,Aisle-11,Toys,32
ORDER0239,869.91,ITEM16841,Aisle-12,Groceries,35
ORDER0239,869.91,ITEM2254,Aisle-13,Books,38
ORDER0239,869.91,ITEM1957,Aisle-16,Toys,47
ORDER0239,869.91,ITEM19484,Aisle-19,Groceries,56
ORDER0240,872.54,ITEM8549,Aisle-5,Tools,14
ORDER0240,872.54,ITEM2600,Aisle-16,Toys,47
ORDER0240,872.54,ITEM3058,Aisle-16,Tools,47
ORDER0240,872.54,ITEM0114,Aisle-18,Electronics,53
ORDER0240,872.54,ITEM3782,Aisle-18,Home,53
ORDER0240,872.54,ITEM19092,Aisle-20,Home,59
ORDER0241,883.45,ITEM7780,Aisle-4,Apparel,11
ORDER0241,883.45,ITEM5590,Aisle-15,Home,44
ORDER0241,883.45,ITEM5087,Aisle-19,Apparel,56
ORDER0241,883.45,ITEM11481,Aisle-19,Toys,56
ORDER0242,884.39,ITEM11967,Aisle-4,Electronics,11
ORDER0242,884.39,ITEM19889,Aisle-13,Electronics,38
ORDER0242,884.39,ITEM2997,Aisle-15,Toys,44
ORDER0243,886.56,ITEM6723,Aisle-4,Electronics,11
ORDER0243,886.56,ITEM7264,Aisle-8,Tools,23
ORDER0243,886.56,ITEM3300,Aisle-20,Toys,59
ORDER0244,891.96,ITEM3787,Aisle-1,Apparel,2
ORDER0244,891.96,ITEM18986,Aisle-3,Tools,8
ORDER0244,891.96,ITEM3549,Aisle-4,Electronics,11
ORDER0244,891.96,ITEM4763,Aisle-19,Books,56
ORDER0245,892.2,ITEM10012,Aisle-1,Electronics,2
ORDER0245,892.2,ITEM15483,Aisle-7,Apparel,20
ORDER0245,892.2,ITEM12392,Aisle-13,Toys,38
ORDER0245,892.2,ITEM4345,Aisle-13,Home,38
ORDER0245,892.2,ITEM3404,Aisle-20,Toys,59
ORDER0246,894.17,ITEM16249,Aisle-3,Home,8
ORDER0246,894.17,ITEM15124,Aisle-5,Groceries,14
ORDER0246,894.17,ITEM8583,Aisle-7,Toys,20
ORDER0246,894.17,ITEM7020,Aisle-20,Home,59
ORDER0247,895.62,ITEM8187,Aisle-6,Apparel,17
ORDER0247,895.62,ITEM16552,Aisle-6,Books,17
ORDER0247,895.62,ITEM11855,Aisle-13,Electronics,38
ORDER0247,895.62,ITEM18149,Aisle-14,Apparel,41
ORDER0247,895.62,ITEM0764,Aisle-16,Toys,47
ORDER0248,896.81,ITEM19926,Aisle-1,Books,2
ORDER0248,896.81,ITEM9909,Aisle-12,Apparel,35
ORDER0248,896.81,ITEM14371,Aisle-18,Books,53
ORDER0248,896.81,ITEM17463,Aisle-20,Electronics,59
ORDER0249,899.11,ITEM2125,Aisle-2,Toys,5
ORDER0249,899.11,ITEM14520,Aisle-7,Books,20
ORDER0249,899.11,ITEM12736,Aisle-7,Groceries,20
ORDER0249,899.11,ITEM13364,Aisle-13,Apparel,38
ORDER0249,899.11,ITEM12041,Aisle-14,Electronics,41
ORDER0250,899.97,ITEM3817,Aisle-6,Toys,17
ORDER0250,899.97,ITEM8595,Aisle-12,Apparel,35
ORDER0250,899.97,ITEM14934,Aisle-18,Groceries,53
ORDER0251,905.64,ITEM17507,Aisle-13,Home,38
ORDER0251,905.64,ITEM10730,Aisle-16,Electronics,47
ORDER0251,905.64,ITEM12867,Aisle-17,Apparel,50
ORDER0251,905.64,ITEM18507,Aisle-17,Toys,50
ORDER0251,905.64,ITEM9954,Aisle-20,Groceries,59
ORDER0252,908.78,ITEM5285,Aisle-4,Home,11
ORDER0252,908.78,ITEM8702,Aisle-4,Groceries,11
ORDER0252,908.78,ITEM19232,Aisle-11,Toys,32
ORDER0252,908.78,ITEM2247,Aisle-12,Tools,35
ORDER0252,908.78,ITEM15965,Aisle-15,Tools,44
ORDER0252,908.78,ITEM5720,Aisle-19,Home,56
ORDER0253,910.98,ITEM1874,Aisle-2,Tools,5
ORDER0253,910.98,ITEM8285,Aisle-5,Apparel,14
ORDER0253,910.98,ITEM1553,Aisle-6,Tools,17
ORDER0253,910.98,ITEM9820,Aisle-7,Groceries,20
ORDER0253,910.98,ITEM3762,Aisle-12,Books,35
ORDER0253,910.98,ITEM4407,Aisle-16,Electronics,47
ORDER0253,910.98,ITEM0155,Aisle-19,Apparel,56
ORDER0253,910.98,ITEM13441,Aisle-19,Tools,56
ORDER0253,910.98,ITEM15188,Aisle-19,Home,56
ORDER0254,930.15,ITEM16340,Aisle-3,Groceries,8
ORDER0254,930.15,ITEM10239,Aisle-20,Home,59
ORDER0255,930.99,ITEM8757,Aisle-1,Books,2
ORDER0255,930.99,ITEM9698,Aisle-4,Apparel,11
ORDER0255,930.99,ITEM2069,Aisle-10,Electronics,29
ORDER0255,930.99,ITEM16584,Aisle-11,Electronics,32
ORDER0255,930.99,ITEM13206,Aisle-12,Books,35
ORDER0255,930.99,ITEM4500,Aisle-17,Apparel,50
ORDER0256,933.77,ITEM9675,Aisle-1,Groceries,2
ORDER0256,933.77,ITEM17318,Aisle-2,Toys,5
ORDER0256,933.77,ITEM16694,Aisle-11,Books,32
ORDER0256,933.77,ITEM11082,Aisle-14,Apparel,41
ORDER0256,933.77,ITEM10129,Aisle-15,Home,44
ORDER0256,933.77,ITEM13416,Aisle-16,Electronics,47
ORDER0256,933.77,ITEM14701,Aisle-16,Tools,47
ORDER0257,938.07,ITEM1465,Aisle-13,Home,38
ORDER0257,938.07,ITEM16696,Aisle-18,Books,53
ORDER0258,938.77,ITEM6750,Aisle-9,Groceries,26
ORDER0258,938.77,ITEM8766,Aisle-13,Apparel,38
ORDER0258,938.77,ITEM7840,Aisle-16,Electronics,47
ORDER0258,938.77,ITEM17527,Aisle-17,Home,50
ORDER0258,938.77,ITEM16091,Aisle-19,Books,56
ORDER0259,943.03,ITEM11358,Aisle-4,Tools,11
ORDER0259,943.03,ITEM9381,Aisle-11,Home,32
ORDER0260,945.58,ITEM3956,Aisle-2,Toys,5
ORDER0260,945.58,ITEM17217,Aisle-4,Books,11
ORDER0260,945.58,ITEM4084,Aisle-7,Apparel,20
ORDER0260,945.58,ITEM14796,Aisle-9,Home,26
ORDER0260,945.58,ITEM16998,Aisle-14,Tools,41
ORDER0261,948.78,ITEM10342,Aisle-3,Groceries,8
ORDER0261,948.78,ITEM6763,Aisle-4,Apparel,11
ORDER0261,948.78,ITEM13769,Aisle-13,Books,38
ORDER0261,948.78,ITEM14650,Aisle-14,Books,41
ORDER0261,948.78,ITEM3809,Aisle-15,Groceries,44
ORDER0261,948.78,ITEM17373,Aisle-16,Groceries,47
ORDER0261,948.78,ITEM18767,Aisle-17,Groceries,50
ORDER0261,948.78,ITEM12927,Aisle-17,Tools,50
ORDER0261,948.78,ITEM0099,Aisle-19,Electronics,56
ORDER0262,950.0,ITEM17138,Aisle-1,Books,2
ORDER0262,950.0,ITEM7628,Aisle-3,Home,8
ORDER0262,950.0,ITEM4561,Aisle-9,Home,26
ORDER0262,950.0,ITEM17314,Aisle-13,Toys,38
ORDER0263,952.6,ITEM9333,Aisle-5,Electronics,14
ORDER0263,952.6,ITEM14758,Aisle-7,Groceries,20
ORDER0263,952.6,ITEM17008,Aisle-10,Apparel,29
ORDER0263,952.6,ITEM0789,Aisle-16,Toys,47
ORDER0263,952.6,ITEM1568,Aisle-19,Tools,56
ORDER0264,957.85,ITEM16756,Aisle-1,Electronics,2
ORDER0264,957.85,ITEM5555,Aisle-5,Toys,14
ORDER0264,957.85,ITEM9259,Aisle-6,Apparel,17
ORDER0264,957.85,ITEM12482,Aisle-6,Tools,17
ORDER0264,957.85,ITEM6571,Aisle-8,Toys,23
ORDER0264,957.85,ITEM19658,Aisle-9,Apparel,26
ORDER0264,957.85,ITEM0953,Aisle-20,Tools,59
ORDER0265,960.52,ITEM6389,Aisle-1,Groceries,2
ORDER0265,960.52,ITEM0179,Aisle-2,Electronics,5
ORDER0265,960.52,ITEM19472,Aisle-7,Groceries,20
ORDER0265,960.52,ITEM15995,Aisle-13,Toys,38
ORDER0265,960.52,ITEM9087,Aisle-17,Books,50
ORDER0265,960.52,ITEM13505,Aisle-17,Apparel,50
ORDER0265,960.52,ITEM11836,Aisle-18,Tools,53
ORDER0266,963.44,ITEM7450,Aisle-1,Books,2
ORDER0266,963.44,ITEM12647,Aisle-5,Tools,14
ORDER0266,963.44,ITEM7936,Aisle-6,Groceries,17
ORDER0267,965.46,ITEM16843,Aisle-4,Tools,11
ORDER0267,965.46,ITEM4552,Aisle-8,Groceries,23
ORDER0267,965.46,ITEM8947,Aisle-9,Home,26
ORDER0267,965.46,ITEM2765,Aisle-10,Books,29
ORDER0267,965.46,ITEM1771,Aisle-12,Apparel,35
ORDER0267,965.46,ITEM14484,Aisle-13,Home,38
ORDER0267,965.46,ITEM9694,Aisle-13,Groceries,38
ORDER0267,965.46,ITEM9780,Aisle-18,Electronics,53
ORDER0267,965.46,ITEM14822,Aisle-20,Toys,59
ORDER0268,974.07,ITEM16109,Aisle-1,Home,2
ORDER0268,974.07,ITEM10758,Aisle-2,Groceries,5
ORDER0268,974.07,ITEM1362,Aisle-5,Home,14
ORDER0268,974.07,ITEM2236,Aisle-7,Electronics,20
ORDER0268,974.07,ITEM12694,Aisle-10,Books,29
ORDER0268,974.07,ITEM11648,Aisle-11,Apparel,32
ORDER0268,974.07,ITEM7699,Aisle-16,Groceries,47
ORDER0268,974.07,ITEM4678,Aisle-17,Apparel,50
ORDER0269,978.31,ITEM19764,Aisle-3,Books,8
ORDER0269,978.31,ITEM5696,Aisle-7,Groceries,20
ORDER0269,978.31,ITEM12009,Aisle-7,Tools,20
ORDER0269,978.31,ITEM4953,Aisle-9,Groceries,26
ORDER0269,978.31,ITEM12010,Aisle-20,Toys,59
ORDER0270,979.13,ITEM14779,Aisle-12,Toys,35
ORDER0270,979.13,ITEM17501,Aisle-13,Toys,38
ORDER0270,979.13,ITEM14389,Aisle-14,Electronics,41
ORDER0271,982.9,ITEM17208,Aisle-7,Home,20
ORDER0271,982.9,ITEM6580,Aisle-9,Toys,26
ORDER0271,982.9,ITEM16280,Aisle-19,Toys,56
ORDER0272,982.93,ITEM17802,Aisle-3,Books,8
ORDER0272,982.93,ITEM6015,Aisle-5,Apparel,14
ORDER0272,982.93,ITEM6992,Aisle-7,Apparel,20
ORDER0272,982.93,ITEM19662,Aisle-9,Electronics,26
ORDER0272,982.93,ITEM11486,Aisle-12,Groceries,35
ORDER0272,982.93,ITEM16312,Aisle-14,Electronics,41
ORDER0272,982.93,ITEM11720,Aisle-14,Electronics,41
ORDER0272,982.93,ITEM2602,Aisle-16,Apparel,47
ORDER0272,982.93,ITEM9882,Aisle-16,Electronics,47
ORDER0272,982.93,ITEM15056,Aisle-17,Toys,50
ORDER0273,989.36,ITEM15324,Aisle-1,Electronics,2
ORDER0273,989.36,ITEM3556,Aisle-12,Books,35
ORDER0273,989.36,ITEM2204,Aisle-13,Books,38
ORDER0273,989.36,ITEM0993,Aisle-13,Books,38
ORDER0273,989.36,ITEM13753,Aisle-14,Apparel,41
ORDER0273,989.36,ITEM19484,Aisle-19,Groceries,56
ORDER0274,989.67,ITEM19033,Aisle-1,Toys,2
ORDER0274,989.67,ITEM16215,Aisle-17,Groceries,50
ORDER0274,989.67,ITEM6715,Aisle-19,Tools,56
ORDER0275,991.52,ITEM1780,Aisle-2,Toys,5
ORDER0275,991.52,ITEM13224,Aisle-4,Electronics,11
ORDER0275,991.52,ITEM1260,Aisle-4,Apparel,11
ORDER0275,991.52,ITEM19512,Aisle-8,Apparel,23
ORDER0275,991.52,ITEM15494,Aisle-9,Tools,26
ORDER0275,991.52,ITEM14441,Aisle-16,Toys,47
ORDER0276,996.86,ITEM7164,Aisle-5,Home,14
ORDER0276,996.86,ITEM4761,Aisle-6,Tools,17
ORDER0276,996.86,ITEM6061,Aisle-9,Toys,26
ORDER0276,996.86,ITEM10284,Aisle-9,Apparel,26
ORDER0276,996.86,ITEM13597,Aisle-10,Home,29
ORDER0276,996.86,ITEM19258,Aisle-14,Tools,41
ORDER0276,996.86,ITEM13305,Aisle-16,Home,47
ORDER0277,1003.19,ITEM1171,Aisle-3,Tools,8
ORDER0277,1003.19,ITEM12288,Aisle-4,Apparel,11
ORDER0277,1003.19,ITEM9549,Aisle-12,Apparel,35
ORDER0277,1003.19,ITEM9972,Aisle-16,Apparel,47
ORDER0277,1003.19,ITEM12559,Aisle-19,Books,56
ORDER0278,1008.58,ITEM8443,Aisle-8,Electronics,23
ORDER0278,1008.58,ITEM11989,Aisle-10,Groceries,29
ORDER0278,1008.58,ITEM11968,Aisle-11,Toys,32
ORDER0278,1008.58,ITEM6693,Aisle-11,Groceries,32
ORDER0278,1008.58,ITEM16751,Aisle-11,Books,32
ORDER0279,1009.11,ITEM9251,Aisle-4,Tools,11
ORDER0279,1009.11,ITEM10435,Aisle-11,Home,32
ORDER0279,1009.11,ITEM0660,Aisle-12,Tools,35
ORDER0279,1009.11,ITEM6351,Aisle-12,Apparel,35
ORDER0281,1025.44,ITEM6231,Aisle-3,Groceries,8
ORDER0281,1025.44,ITEM17113,Aisle-11,Home,32
ORDER0281,1025.44,ITEM3222,Aisle-11,Tools,32
ORDER0281,1025.44,ITEM1140,Aisle-13,Home,38
ORDER0281,1025.44,ITEM18383,Aisle-19,Home,56
ORDER0281,1025.44,ITEM10390,Aisle-20,Tools,59
ORDER0282,1025.53,ITEM17214,Aisle-3,Electronics,8
ORDER0282,1025.53,ITEM4010,Aisle-6,Books,17
ORDER0282,1025.53,ITEM7356,Aisle-7,Apparel,20
ORDER0282,1025.53,ITEM0931,Aisle-8,Tools,23
ORDER0282,1025.53,ITEM15740,Aisle-9,Tools,26
ORDER0282,1025.53,ITEM6914,Aisle-13,Home,38
ORDER0282,1025.53,ITEM14947,Aisle-15,Apparel,44
ORDER0282,1025.53,ITEM11207,Aisle-17,Groceries,50
ORDER0282,1025.53,ITEM19175,Aisle-17,Electronics,50
ORDER0282,1025.53,ITEM7141,Aisle-20,Groceries,59
ORDER0283,1029.17,ITEM18977,Aisle-3,Toys,8
ORDER0283,1029.17,ITEM5702,Aisle-4,Apparel,11
ORDER0283,1029.17,ITEM17217,Aisle-4,Books,11
ORDER0283,1029.17,ITEM10296,Aisle-9,Groceries,26
ORDER0283,1029.17,ITEM12107,Aisle-14,Groceries,41
ORDER0283,1029.17,ITEM19333,Aisle-15,Books,44
ORDER0284,1029.75,ITEM17205,Aisle-2,Home,5
ORDER0284,1029.75,ITEM4160,Aisle-10,Apparel,29
ORDER0284,1029.75,ITEM11188,Aisle-11,Books,32
ORDER0285,1035.95,ITEM12218,Aisle-4,Home,11
ORDER0285,1035.95,ITEM16671,Aisle-12,Tools,35
ORDER0285,1035.95,ITEM7152,Aisle-13,Home,38
ORDER0285,1035.95,ITEM13404,Aisle-15,Home,44
ORDER0285,1035.95,ITEM17070,Aisle-16,Tools,47
ORDER0285,1035.95,ITEM9498,Aisle-20,Electronics,59
ORDER0286,1047.78,ITEM17214,Aisle-3,Electronics,8
ORDER0286,1047.78,ITEM0637,Aisle-15,Home,44
ORDER0286,1047.78,ITEM0248,Aisle-16,Groceries,47
ORDER0287,1054.31,ITEM9927,Aisle-1,Groceries,2
ORDER0287,1054.31,ITEM13381,Aisle-8,Books,23
ORDER0287,1054.31,ITEM10502,Aisle-11,Tools,32
ORDER0287,1054.31,ITEM14902,Aisle-14,Tools,41
ORDER0287,1054.31,ITEM13283,Aisle-17,Books,50
ORDER0288,1063.46,ITEM2290,Aisle-1,Electronics,2
ORDER0288,1063.46,ITEM19188,Aisle-11,Home,32
ORDER0288,1063.46,ITEM4866,Aisle-14,Apparel,41
ORDER0288,1063.46,ITEM14153,Aisle-18,Home,53
ORDER0289,1065.62,ITEM15907,Aisle-8,Electronics,23
ORDER0289,1065.62,ITEM14817,Aisle-10,Books,29
ORDER0289,1065.62,ITEM1056,Aisle-10,Home,29
ORDER0289,1065.62,ITEM15627,Aisle-13,Books,38
ORDER0289,1065.62,ITEM15671,Aisle-15,Electronics,44
ORDER0290,1071.43,ITEM0223,Aisle-3,Groceries,8
ORDER0290,1071.43,ITEM13427,Aisle-7,Tools,20
ORDER0291,1074.88,ITEM6312,Aisle-2,Books,5
ORDER0291,1074.88,ITEM7347,Aisle-2,Home,5
ORDER0291,1074.88,ITEM11156,Aisle-18,Electronics,53
ORDER0292,1075.35,ITEM8199,Aisle-5,Books,14
ORDER0292,1075.35,ITEM1687,Aisle-8,Toys,23
ORDER0292,1075.35,ITEM4093,Aisle-13,Books,38
ORDER0293,1079.26,ITEM2049,Aisle-5,Tools,14
ORDER0293,1079.26,ITEM0273,Aisle-7,Apparel,20
ORDER0293,1079.26,ITEM10066,Aisle-7,Books,20
ORDER0293,1079.26,ITEM1393,Aisle-7,Toys,20
ORDER0293,1079.26,ITEM4216,Aisle-7,Books,20
ORDER0293,1079.26,ITEM19176,Aisle-9,Toys,26
ORDER0293,1079.26,ITEM9128,Aisle-15,Apparel,44
ORDER0293,1079.26,ITEM11180,Aisle-18,Books,53
ORDER0294,1084.62,ITEM9274,Aisle-2,Apparel,5
ORDER0294,1084.62,ITEM7025,Aisle-8,Apparel,23
ORDER0294,1084.62,ITEM7452,Aisle-9,Electronics,26
ORDER0294,1084.62,ITEM5386,Aisle-10,Electronics,29
ORDER0294,1084.62,ITEM3897,Aisle-14,Home,41
ORDER0295,1085.02,ITEM9462,Aisle-2,Home,5
ORDER0295,1085.02,ITEM3643,Aisle-14,Groceries,41
ORDER0295,1085.02,ITEM1228,Aisle-15,Home,44
ORDER0295,1085.02,ITEM6688,Aisle-19,Tools,56
ORDER0296,1087.59,ITEM4702,Aisle-18,Tools,53
ORDER0297,1088.84,ITEM3964,Aisle-3,Electronics,8
ORDER0297,1088.84,ITEM19016,Aisle-7,Tools,20
ORDER0297,1088.84,ITEM11632,Aisle-10,Apparel,29
ORDER0297,1088.84,ITEM7276,Aisle-14,Home,41
ORDER0298,1093.15,ITEM16369,Aisle-3,Groceries,8
ORDER0298,1093.15,ITEM7881,Aisle-3,Apparel,8
ORDER0298,1093.15,ITEM12191,Aisle-8,Toys,23
ORDER0298,1093.15,ITEM18740,Aisle-10,Toys,29
ORDER0298,1093.15,ITEM3302,Aisle-10,Electronics,29
ORDER0299,1094.24,ITEM0537,Aisle-3,Home,8
ORDER0299,1094.24,ITEM2929,Aisle-6,Groceries,17
ORDER0299,1094.24,ITEM5755,Aisle-12,Home,35
ORDER0299,1094.24,ITEM4524,Aisle-12,Electronics,35
ORDER0299,1094.24,ITEM10379,Aisle-13,Books,38
ORDER0299,1094.24,ITEM6857,Aisle-15,Home,44
ORDER0300,1095.89,ITEM10016,Aisle-4,Toys,11
ORDER0300,1095.89,ITEM7362,Aisle-9,Apparel,26
ORDER0300,1095.89,ITEM15421,Aisle-20,Books,59
ORDER0301,1099.58,ITEM6438,Aisle-6,Toys,17
ORDER0301,1099.58,ITEM5209,Aisle-18,Toys,53
ORDER0302,1101.49,ITEM14147,Aisle-1,Books,2
ORDER0302,1101.49,ITEM8661,Aisle-6,Electronics,17
ORDER0302,1101.49,ITEM0945,Aisle-13,Groceries,38
ORDER0302,1101.49,ITEM16943,Aisle-16,Tools,47
ORDER0302,1101.49,ITEM16399,Aisle-17,Electronics,50
ORDER0303,1103.23,ITEM11262,Aisle-4,Books,11
ORDER0303,1103.23,ITEM4696,Aisle-14,Groceries,41
ORDER0303,1103.23,ITEM14607,Aisle-19,Toys,56
ORDER0304,1106.74,ITEM18094,Aisle-1,Toys,2
ORDER0304,1106.74,ITEM1874,Aisle-2,Tools,5
ORDER0304,1106.74,ITEM18486,Aisle-4,Toys,11
ORDER0304,1106.74,ITEM12344,Aisle-4,Apparel,11
ORDER0304,1106.74,ITEM17089,Aisle-8,Toys,23
ORDER0304,1106.74,ITEM13538,Aisle-12,Books,35
ORDER0304,1106.74,ITEM7814,Aisle-14,Home,41
ORDER0304,1106.74,ITEM7308,Aisle-18,Books,53
ORDER0305,1109.32,ITEM19555,Aisle-9,Apparel,26
ORDER0305,1109.32,ITEM13199,Aisle-10,Books,29
ORDER0305,1109.32,ITEM5203,Aisle-14,Tools,41
ORDER0305,1109.32,ITEM10579,Aisle-17,Books,50
ORDER0306,1110.55,ITEM1913,Aisle-11,Apparel,32
ORDER0306,1110.55,ITEM0807,Aisle-13,Tools,38
ORDER0306,1110.55,ITEM15857,Aisle-19,Electronics,56
ORDER0307,1115.21,ITEM8371,Aisle-5,Home,14
ORDER0307,1115.21,ITEM12732,Aisle-13,Toys,38
ORDER0307,1115.21,ITEM13586,Aisle-18,Home,53
ORDER0307,1115.21,ITEM19331,Aisle-19,Toys,56
ORDER0308,1117.95,ITEM14184,Aisle-2,Home,5
ORDER0308,1117.95,ITEM16272,Aisle-8,Home,23
ORDER0308,1117.95,ITEM0004,Aisle-14,Tools,41
ORDER0308,1117.95,ITEM11045,Aisle-19,Groceries,56
ORDER0309,1119.21,ITEM17083,Aisle-4,Home,11
ORDER0309,1119.21,ITEM17118,Aisle-11,Toys,32
ORDER0309,1119.21,ITEM3466,Aisle-12,Groceries,35
ORDER0309,1119.21,ITEM15830,Aisle-17,Groceries,50
ORDER0310,1122.74,ITEM3338,Aisle-3,Toys,8
ORDER0310,1122.74,ITEM18571,Aisle-8,Groceries,23
ORDER0311,1128.64,ITEM8872,Aisle-1,Toys,2
ORDER0311,1128.64,ITEM8427,Aisle-3,Tools,8
ORDER0311,1128.64,ITEM5413,Aisle-8,Toys,23
ORDER0311,1128.64,ITEM17658,Aisle-10,Electronics,29
ORDER0311,1128.64,ITEM11498,Aisle-15,Toys,44
ORDER0311,1128.64,ITEM5968,Aisle-18,Tools,53
ORDER0311,1128.64,ITEM18496,Aisle-19,Groceries,56
ORDER0311,1128.64,ITEM3550,Aisle-19,Books,56
ORDER0312,1139.58,ITEM4368,Aisle-2,Books,5
ORDER0312,1139.58,ITEM19356,Aisle-8,Apparel,23
ORDER0312,1139.58,ITEM9916,Aisle-14,Toys,41
ORDER0312,1139.58,ITEM9707,Aisle-18,Tools,53
ORDER0313,1143.84,ITEM3139,Aisle-3,Books,8
ORDER0314,1146.13,ITEM3988,Aisle-1,Groceries,2
ORDER0314,1146.13,ITEM7848,Aisle-9,Books,26
ORDER0314,1146.13,ITEM0528,Aisle-12,Groceries,35
ORDER0314,1146.13,ITEM1544,Aisle-15,Apparel,44
ORDER0315,1147.22,ITEM6191,Aisle-3,Tools,8
ORDER0315,1147.22,ITEM7672,Aisle-5,Groceries,14
ORDER0315,1147.22,ITEM14272,Aisle-12,Books,35
ORDER0315,1147.22,ITEM2752,Aisle-14,Apparel,41
ORDER0315,1147.22,ITEM13452,Aisle-18,Groceries,53
ORDER0315,1147.22,ITEM4477,Aisle-19,Apparel,56
ORDER0315,1147.22,ITEM11507,Aisle-19,Tools,56
ORDER0315,1147.22,ITEM7163,Aisle-20,Groceries,59
ORDER0316,1147.83,ITEM11755,Aisle-1,Groceries,2
ORDER0316,1147.83,ITEM4845,Aisle-2,Books,5
ORDER0316,1147.83,ITEM17570,Aisle-4,Tools,11
ORDER0316,1147.83,ITEM13871,Aisle-16,Books,47
ORDER0317,1149.34,ITEM0991,Aisle-11,Home,32
ORDER0317,1149.34,ITEM17821,Aisle-12,Groceries,35
ORDER0317,1149.34,ITEM13678,Aisle-16,Groceries,47
ORDER0318,1150.42,ITEM18126,Aisle-3,Groceries,8
ORDER0318,1150.42,ITEM6869,Aisle-4,Toys,11
ORDER0318,1150.42,ITEM7723,Aisle-4,Toys,11
ORDER0318,1150.42,ITEM16418,Aisle-14,Groceries,41
ORDER0318,1150.42,ITEM15951,Aisle-16,Books,47
ORDER0318,1150.42,ITEM12804,Aisle-18,Apparel,53
ORDER0318,1150.42,ITEM2686,Aisle-19,Groceries,56
ORDER0318,1150.42,ITEM7765,Aisle-19,Apparel,56
ORDER0319,1152.51,ITEM16273,Aisle-2,Groceries,5
ORDER0319,1152.51,ITEM8373,Aisle-3,Books,8
ORDER0319,1152.51,ITEM10624,Aisle-10,Apparel,29
ORDER0319,1152.51,ITEM10572,Aisle-10,Electronics,29
ORDER0319,1152.51,ITEM19691,Aisle-15,Toys,44
ORDER0319,1152.51,ITEM17057,Aisle-17,Apparel,50
ORDER0319,1152.51,ITEM12544,Aisle-19,Groceries,56
ORDER0320,1152.75,ITEM5393,Aisle-2,Books,5
ORDER0320,1152.75,ITEM2718,Aisle-2,Books,5
ORDER0320,1152.75,ITEM17290,Aisle-6,Home,17
ORDER0320,1152.75,ITEM9259,Aisle-6,Apparel,17
ORDER0320,1152.75,ITEM18315,Aisle-8,Books,23
ORDER0320,1152.75,ITEM3519,Aisle-8,Books,23
ORDER0320,1152.75,ITEM5690,Aisle-12,Tools,35
ORDER0320,1152.75,ITEM0726,Aisle-16,Tools,47
ORDER0320,1152.75,ITEM9587,Aisle-17,Electronics,50
ORDER0321,1153.69,ITEM5337,Aisle-10,Electronics,29
ORDER0321,1153.69,ITEM0436,Aisle-12,Toys,35
ORDER0321,1153.69,ITEM7594,Aisle-15,Apparel,44
ORDER0321,1153.69,ITEM12576,Aisle-15,Home,44
ORDER0321,1153.69,ITEM15616,Aisle-18,Tools,53
ORDER0321,1153.69,ITEM2885,Aisle-19,Groceries,56
ORDER0322,1156.88,ITEM7892,Aisle-5,Apparel,14
ORDER0322,1156.88,ITEM15310,Aisle-8,Home,23
ORDER0322,1156.88,ITEM4616,Aisle-9,Electronics,26
ORDER0322,1156.88,ITEM1153,Aisle-18,Toys,53
ORDER0323,1157.29,ITEM4171,Aisle-9,Home,26
ORDER0323,1157.29,ITEM13751,Aisle-10,Apparel,29
ORDER0323,1157.29,ITEM4968,Aisle-12,Books,35
ORDER0323,1157.29,ITEM1253,Aisle-16,Tools,47
ORDER0324,1158.13,ITEM7042,Aisle-4,Apparel,11
ORDER0324,1158.13,ITEM7659,Aisle-9,Books,26
ORDER0324,1158.13,ITEM9336,Aisle-9,Groceries,26
ORDER0324,1158.13,ITEM10769,Aisle-11,Books,32
ORDER0324,1158.13,ITEM5375,Aisle-13,Tools,38
ORDER0325,1163.57,ITEM3744,Aisle-20,Electronics,59
ORDER0326,1167.88,ITEM12261,Aisle-1,Apparel,2
ORDER0326,1167.88,ITEM8481,Aisle-1,Groceries,2
ORDER0326,1167.88,ITEM4711,Aisle-2,Home,5
ORDER0326,1167.88,ITEM1187,Aisle-8,Apparel,23
ORDER0326,1167.88,ITEM8323,Aisle-10,Apparel,29
ORDER0327,1173.56,ITEM15392,Aisle-9,Home,26
ORDER0327,1173.56,ITEM10122,Aisle-9,Home,26
ORDER0327,1173.56,ITEM18989,Aisle-10,Toys,29
ORDER0327,1173.56,ITEM5298,Aisle-13,Tools,38
ORDER0327,1173.56,ITEM7530,Aisle-20,Groceries,59
ORDER0327,1173.56,ITEM14097,Aisle-20,Tools,59
ORDER0328,1173.61,ITEM5236,Aisle-2,Home,5
ORDER0328,1173.61,ITEM7258,Aisle-8,Home,23
ORDER0328,1173.61,ITEM2933,Aisle-9,Tools,26
ORDER0328,1173.61,ITEM11233,Aisle-13,Apparel,38
ORDER0328,1173.61,ITEM17566,Aisle-17,Home,50
ORDER0329,1175.92,ITEM19915,Aisle-1,Groceries,2
ORDER0329,1175.92,ITEM8095,Aisle-1,Toys,2
ORDER0329,1175.92,ITEM16392,Aisle-3,Apparel,8
ORDER0329,1175.92,ITEM14116,Aisle-3,Home,8
ORDER0329,1175.92,ITEM18524,Aisle-17,Books,50
ORDER0330,1177.16,ITEM3883,Aisle-2,Books,5
ORDER0330,1177.16,ITEM13522,Aisle-4,Home,11
ORDER0330,1177.16,ITEM0444,Aisle-5,Books,14
ORDER0330,1177.16,ITEM11261,Aisle-13,Home,38
ORDER0330,1177.16,ITEM15821,Aisle-18,Groceries,53
ORDER0331,1182.52,ITEM12870,Aisle-2,Electronics,5
ORDER0331,1182.52,ITEM0673,Aisle-6,Toys,17
ORDER0331,1182.52,ITEM7598,Aisle-7,Books,20
ORDER0331,1182.52,ITEM3165,Aisle-7,Electronics,20
ORDER0331,1182.52,ITEM18493,Aisle-8,Toys,23
ORDER0331,1182.52,ITEM13323,Aisle-16,Books,47
ORDER0332,1183.18,ITEM12834,Aisle-6,Electronics,17
ORDER0332,1183.18,ITEM12973,Aisle-7,Toys,20
ORDER0332,1183.18,ITEM13166,Aisle-7,Books,20
ORDER0332,1183.18,ITEM11429,Aisle-12,Groceries,35
ORDER0333,1193.19,ITEM8789,Aisle-3,Groceries,8
ORDER0333,1193.19,ITEM10555,Aisle-4,Tools,11
ORDER0333,1193.19,ITEM18288,Aisle-10,Books,29
ORDER0333,1193.19,ITEM13756,Aisle-10,Toys,29
ORDER0333,1193.19,ITEM7267,Aisle-13,Electronics,38
ORDER0334,1194.87,ITEM19812,Aisle-1,Books,2
ORDER0334,1194.87,ITEM18047,Aisle-1,Tools,2
ORDER0334,1194.87,ITEM9092,Aisle-2,Home,5
ORDER0334,1194.87,ITEM4736,Aisle-4,Electronics,11
ORDER0334,1194.87,ITEM16776,Aisle-5,Home,14
ORDER0334,1194.87,ITEM12735,Aisle-13,Books,38
ORDER0334,1194.87,ITEM16408,Aisle-14,Groceries,41
ORDER0334,1194.87,ITEM7000,Aisle-14,Home,41
ORDER0334,1194.87,ITEM2731,Aisle-17,Tools,50
ORDER0334,1194.87,ITEM18478,Aisle-19,Toys,56
ORDER0334,1194.87,ITEM14693,Aisle-20,Home,59
ORDER0335,1195.36,ITEM19781,Aisle-1,Tools,2
ORDER0335,1195.36,ITEM2861,Aisle-11,Home,32
ORDER0335,1195.36,ITEM15068,Aisle-18,Tools,53
ORDER0335,1195.36,ITEM13354,Aisle-18,Tools,53
ORDER0336,1196.43,ITEM18040,Aisle-5,Toys,14
ORDER0336,1196.43,ITEM0102,Aisle-6,Groceries,17
ORDER0336,1196.43,ITEM19081,Aisle-7,Home,20
ORDER0336,1196.43,ITEM18189,Aisle-16,Home,47
ORDER0336,1196.43,ITEM0580,Aisle-16,Groceries,47
ORDER0336,1196.43,ITEM7118,Aisle-18,Tools,53
ORDER0336,1196.43,ITEM12052,Aisle-19,Groceries,56
ORDER0337,1204.98,ITEM6057,Aisle-12,Tools,35
ORDER0338,1206.91,ITEM0539,Aisle-2,Tools,5
ORDER0338,1206.91,ITEM10055,Aisle-2,Electronics,5
ORDER0338,1206.91,ITEM5800,Aisle-3,Groceries,8
ORDER0338,1206.91,ITEM15203,Aisle-3,Books,8
ORDER0338,1206.91,ITEM8662,Aisle-10,Toys,29
ORDER0339,1209.75,ITEM1947,Aisle-2,Groceries,5
ORDER0339,1209.75,ITEM10242,Aisle-7,Electronics,20
ORDER0339,1209.75,ITEM3160,Aisle-12,Toys,35
ORDER0339,1209.75,ITEM5190,Aisle-12,Groceries,35
ORDER0339,1209.75,ITEM17782,Aisle-20,Home,59
ORDER0340,1210.81,ITEM1473,Aisle-4,Books,11
ORDER0340,1210.81,ITEM3399,Aisle-12,Electronics,35
ORDER0340,1210.81,ITEM10164,Aisle-18,Tools,53
ORDER0340,1210.81,ITEM5922,Aisle-20,Apparel,59
ORDER0341,1214.03,ITEM18434,Aisle-2,Groceries,5
ORDER0341,1214.03,ITEM9548,Aisle-2,Books,5
ORDER0341,1214.03,ITEM16022,Aisle-16,Groceries,47
ORDER0341,1214.03,ITEM10772,Aisle-18,Books,53
ORDER0342,1214.57,ITEM3619,Aisle-4,Electronics,11
ORDER0342,1214.57,ITEM19001,Aisle-14,Electronics,41
ORDER0342,1214.57,ITEM9790,Aisle-17,Toys,50
ORDER0342,1214.57,ITEM4995,Aisle-17,Apparel,50
ORDER0342,1214.57,ITEM10843,Aisle-20,Groceries,59
ORDER0343,1217.03,ITEM10223,Aisle-7,Home,20
ORDER0343,1217.03,ITEM13853,Aisle-8,Books,23
ORDER0343,1217.03,ITEM8775,Aisle-10,Electronics,29
ORDER0343,1217.03,ITEM6578,Aisle-12,Tools,35
ORDER0343,1217.03,ITEM18581,Aisle-16,Books,47
ORDER0343,1217.03,ITEM4633,Aisle-19,Toys,56
ORDER0343,1217.03,ITEM18862,Aisle-20,Tools,59
ORDER0344,1221.29,ITEM17212,Aisle-7,Apparel,20
ORDER0344,1221.29,ITEM4994,Aisle-7,Toys,20
ORDER0344,1221.29,ITEM6762,Aisle-11,Electronics,32
ORDER0344,1221.29,ITEM0951,Aisle-14,Electronics,41
ORDER0344,1221.29,ITEM15742,Aisle-14,Tools,41
ORDER0344,1221.29,ITEM15315,Aisle-19,Apparel,56
ORDER0344,1221.29,ITEM13569,Aisle-20,Books,59
ORDER0345,1222.97,ITEM13824,Aisle-2,Books,5
ORDER0345,1222.97,ITEM12066,Aisle-2,Tools,5
ORDER0345,1222.97,ITEM2654,Aisle-19,Electronics,56
ORDER0346,1223.11,ITEM10591,Aisle-1,Tools,2
ORDER0346,1223.11,ITEM2698,Aisle-3,Groceries,8
ORDER0346,1223.11,ITEM0550,Aisle-6,Toys,17
ORDER0346,1223.11,ITEM10731,Aisle-9,Electronics,26
ORDER0346,1223.11,ITEM5419,Aisle-19,Books,56
ORDER0347,1224.22,ITEM14945,Aisle-1,Electronics,2
ORDER0347,1224.22,ITEM3254,Aisle-6,Toys,17
ORDER0347,1224.22,ITEM5655,Aisle-7,Books,20
ORDER0347,1224.22,ITEM14729,Aisle-7,Tools,20
ORDER0347,1224.22,ITEM9709,Aisle-10,Apparel,29
ORDER0347,1224.22,ITEM18152,Aisle-13,Apparel,38
ORDER0348,1225.73,ITEM0662,Aisle-1,Electronics,2
ORDER0348,1225.73,ITEM13133,Aisle-2,Apparel,5
ORDER0348,1225.73,ITEM11243,Aisle-3,Books,8
ORDER0348,1225.73,ITEM2978,Aisle-8,Books,23
ORDER0348,1225.73,ITEM3175,Aisle-14,Electronics,41
ORDER0348,1225.73,ITEM14873,Aisle-15,Apparel,44
ORDER0348,1225.73,ITEM9788,Aisle-15,Tools,44
ORDER0348,1225.73,ITEM5868,Aisle-17,Tools,50
ORDER0349,1229.65,ITEM18995,Aisle-7,Toys,20
ORDER0349,1229.65,ITEM7198,Aisle-8,Books,23
ORDER0349,1229.65,ITEM7841,Aisle-11,Home,32
ORDER0349,1229.65,ITEM2342,Aisle-14,Groceries,41
ORDER0350,1233.21,ITEM10061,Aisle-14,Home,41
ORDER0350,1233.21,ITEM11148,Aisle-15,Books,44
ORDER0351,1239.87,ITEM11655,Aisle-3,Groceries,8
ORDER0351,1239.87,ITEM17827,Aisle-4,Electronics,11
ORDER0351,1239.87,ITEM10849,Aisle-7,Home,20
ORDER0351,1239.87,ITEM17648,Aisle-8,Books,23
ORDER0351,1239.87,ITEM16808,Aisle-9,Books,26
ORDER0351,1239.87,ITEM18961,Aisle-9,Groceries,26
ORDER0351,1239.87,ITEM11325,Aisle-12,Apparel,35
ORDER0351,1239.87,ITEM9344,Aisle-12,Books,35
ORDER0351,1239.87,ITEM3121,Aisle-14,Tools,41
ORDER0351,1239.87,ITEM4876,Aisle-20,Electronics,59
ORDER0352,1239.9,ITEM0482,Aisle-5,Apparel,14
ORDER0352,1239.9,ITEM13297,Aisle-9,Tools,26
ORDER0352,1239.9,ITEM12439,Aisle-9,Electronics,26
ORDER0352,1239.9,ITEM9678,Aisle-16,Apparel,47
ORDER0352,1239.9,ITEM4317,Aisle-20,Tools,59
ORDER0353,1240.38,ITEM9835,Aisle-6,Books,17
ORDER0353,1240.38,ITEM13393,Aisle-8,Home,23
ORDER0353,1240.38,ITEM16912,Aisle-12,Home,35
ORDER0353,1240.38,ITEM3771,Aisle-16,Books,47
ORDER0353,1240.38,ITEM1368,Aisle-16,Books,47
ORDER0354,1244.37,ITEM18428,Aisle-2,Groceries,5
ORDER0354,1244.37,ITEM6627,Aisle-3,Apparel,8
ORDER0354,1244.37,ITEM13224,Aisle-4,Electronics,11
ORDER0354,1244.37,ITEM5961,Aisle-9,Books,26
ORDER0354,1244.37,ITEM9892,Aisle-9,Toys,26
ORDER0354,1244.37,ITEM2042,Aisle-14,Books,41
ORDER0354,1244.37,ITEM1707,Aisle-16,Groceries,47
ORDER0354,1244.37,ITEM19461,Aisle-18,Groceries,53
ORDER0354,1244.37,ITEM14756,Aisle-19,Toys,56
ORDER0354,1244.37,ITEM13793,Aisle-19,Electronics,56
ORDER0354,1244.37,ITEM4273,Aisle-19,Electronics,56
ORDER0355,1244.69,ITEM11063,Aisle-3,Apparel,8
ORDER0355,1244.69,ITEM3866,Aisle-8,Apparel,23
ORDER0355,1244.69,ITEM12806,Aisle-16,Toys,47
ORDER0355,1244.69,ITEM19177,Aisle-19,Toys,56
ORDER0355,1244.69,ITEM15160,Aisle-19,Electronics,56
ORDER0356,1246.68,ITEM17326,Aisle-4,Electronics,11
ORDER0356,1246.68,ITEM1203,Aisle-5,Electronics,14
ORDER0356,1246.68,ITEM2730,Aisle-15,Electronics,44
ORDER0356,1246.68,ITEM17921,Aisle-16,Toys,47
ORDER0356,1246.68,ITEM4462,Aisle-20,Books,59
ORDER0356,1246.68,ITEM7016,Aisle-20,Home,59
ORDER0357,1253.46,ITEM7649,Aisle-2,Apparel,5
ORDER0357,1253.46,ITEM19052,Aisle-11,Electronics,32
ORDER0358,1255.68,ITEM2096,Aisle-5,Books,14
ORDER0358,1255.68,ITEM15312,Aisle-14,Tools,41
ORDER0358,1255.68,ITEM1394,Aisle-14,Toys,41
ORDER0358,1255.68,ITEM4882,Aisle-15,Groceries,44
ORDER0358,1255.68,ITEM11542,Aisle-16,Groceries,47
ORDER0359,1258.65,ITEM17548,Aisle-1,Apparel,2
ORDER0359,1258.65,ITEM3199,Aisle-3,Books,8
ORDER0359,1258.65,ITEM5696,Aisle-7,Groceries,20
ORDER0359,1258.65,ITEM8183,Aisle-9,Groceries,26
ORDER0359,1258.65,ITEM19397,Aisle-12,Groceries,35
ORDER0359,1258.65,ITEM12643,Aisle-14,Toys,41
ORDER0359,1258.65,ITEM15323,Aisle-15,Tools,44
ORDER0359,1258.65,ITEM14772,Aisle-18,Groceries,53
ORDER0359,1258.65,ITEM0293,Aisle-19,Groceries,56
ORDER0359,1258.65,ITEM7627,Aisle-20,Home,59
ORDER0359,1258.65,ITEM11671,Aisle-20,Home,59
ORDER0359,1258.65,ITEM3557,Aisle-20,Tools,59
ORDER0360,1270.21,ITEM0402,Aisle-2,Toys,5
ORDER0360,1270.21,ITEM2088,Aisle-10,Home,29
ORDER0360,1270.21,ITEM16193,Aisle-11,Toys,32
ORDER0360,1270.21,ITEM8224,Aisle-17,Groceries,50
ORDER0360,1270.21,ITEM4043,Aisle-19,Electronics,56
ORDER0361,1270.32,ITEM12619,Aisle-1,Toys,2
ORDER0361,1270.32,ITEM11868,Aisle-4,Electronics,11
ORDER0361,1270.32,ITEM9327,Aisle-6,Books,17
ORDER0361,1270.32,ITEM16749,Aisle-11,Electronics,32
ORDER0361,1270.32,ITEM6544,Aisle-12,Tools,35
ORDER0361,1270.32,ITEM9579,Aisle-20,Home,59
ORDER0362,1271.81,ITEM11176,Aisle-12,Apparel,35
ORDER0362,1271.81,ITEM3539,Aisle-13,Books,38
ORDER0363,1279.44,ITEM17381,Aisle-10,Tools,29
ORDER0363,1279.44,ITEM16193,Aisle-11,Toys,32
ORDER0363,1279.44,ITEM7814,Aisle-14,Home,41
ORDER0363,1279.44,ITEM9260,Aisle-18,Groceries,53
ORDER0363,1279.44,ITEM3594,Aisle-20,Toys,59
ORDER0364,1282.12,ITEM9200,Aisle-2,Groceries,5
ORDER0364,1282.12,ITEM10518,Aisle-2,Tools,5
ORDER0364,1282.12,ITEM8577,Aisle-5,Groceries,14
ORDER0364,1282.12,ITEM5789,Aisle-10,Apparel,29
ORDER0364,1282.12,ITEM1184,Aisle-11,Home,32
ORDER0364,1282.12,ITEM16626,Aisle-14,Electronics,41
ORDER0365,1282.95,ITEM9115,Aisle-1,Apparel,2
ORDER0365,1282.95,ITEM7983,Aisle-3,Electronics,8
ORDER0365,1282.95,ITEM16955,Aisle-4,Groceries,11
ORDER0365,1282.95,ITEM4613,Aisle-11,Groceries,32
ORDER0365,1282.95,ITEM17599,Aisle-15,Groceries,44
ORDER0365,1282.95,ITEM11815,Aisle-17,Electronics,50
ORDER0366,1283.13,ITEM11916,Aisle-3,Electronics,8
ORDER0366,1283.13,ITEM7916,Aisle-5,Apparel,14
ORDER0366,1283.13,ITEM9923,Aisle-7,Tools,20
ORDER0366,1283.13,ITEM3980,Aisle-15,Books,44
ORDER0366,1283.13,ITEM4511,Aisle-19,Tools,56
ORDER0367,1288.05,ITEM18297,Aisle-1,Groceries,2
ORDER0367,1288.05,ITEM3232,Aisle-6,Books,17
ORDER0367,1288.05,ITEM3136,Aisle-7,Books,20
ORDER0367,1288.05,ITEM10412,Aisle-8,Toys,23
ORDER0367,1288.05,ITEM17990,Aisle-13,Books,38
ORDER0367,1288.05,ITEM19561,Aisle-16,Home,47
ORDER0367,1288.05,ITEM16163,Aisle-16,Groceries,47
ORDER0367,1288.05,ITEM10979,Aisle-17,Apparel,50
ORDER0368,1288.37,ITEM11499,Aisle-3,Toys,8
ORDER0368,1288.37,ITEM4391,Aisle-4,Home,11
ORDER0368,1288.37,ITEM6872,Aisle-5,Apparel,14
ORDER0369,1294.45,ITEM19942,Aisle-2,Toys,5
ORDER0369,1294.45,ITEM8592,Aisle-4,Apparel,11
ORDER0369,1294.45,ITEM6130,Aisle-5,Home,14
ORDER0369,1294.45,ITEM18607,Aisle-7,Electronics,20
ORDER0369,1294.45,ITEM4300,Aisle-19,Electronics,56
ORDER0370,1295.26,ITEM7724,Aisle-5,Books,14
ORDER0370,1295.26,ITEM13662,Aisle-9,Apparel,26
ORDER0370,1295.26,ITEM0487,Aisle-9,Tools,26
ORDER0370,1295.26,ITEM6122,Aisle-18,Toys,53
ORDER0371,1295.91,ITEM3673,Aisle-3,Toys,8
ORDER0371,1295.91,ITEM16681,Aisle-9,Books,26
ORDER0371,1295.91,ITEM14883,Aisle-10,Tools,29
ORDER0371,1295.91,ITEM7977,Aisle-12,Apparel,35
ORDER0371,1295.91,ITEM17445,Aisle-12,Electronics,35
ORDER0371,1295.91,ITEM15498,Aisle-13,Tools,38
ORDER0371,1295.91,ITEM9087,Aisle-17,Books,50
ORDER0372,1295.95,ITEM5407,Aisle-1,Toys,2
ORDER0372,1295.95,ITEM5808,Aisle-5,Electronics,14
ORDER0372,1295.95,ITEM4784,Aisle-5,Tools,14
ORDER0372,1295.95,ITEM19939,Aisle-5,Books,14
ORDER0372,1295.95,ITEM14861,Aisle-7,Apparel,20
ORDER0372,1295.95,ITEM17741,Aisle-10,Groceries,29
ORDER0372,1295.95,ITEM16755,Aisle-11,Groceries,32
ORDER0372,1295.95,ITEM12561,Aisle-16,Electronics,47
ORDER0372,1295.95,ITEM12336,Aisle-17,Toys,50
ORDER0372,1295.95,ITEM0748,Aisle-19,Home,56
ORDER0372,1295.95,ITEM0113,Aisle-20,Home,59
ORDER0373,1300.3,ITEM3198,Aisle-2,Electronics,5
ORDER0373,1300.3,ITEM13597,Aisle-10,Home,29
ORDER0373,1300.3,ITEM3775,Aisle-15,Books,44
ORDER0373,1300.3,ITEM7089,Aisle-17,Electronics,50
ORDER0373,1300.3,ITEM13502,Aisle-19,Apparel,56
ORDER0374,1305.95,ITEM5004,Aisle-16,Tools,47
ORDER0374,1305.95,ITEM9246,Aisle-18,Books,53
ORDER0374,1305.95,ITEM2712,Aisle-18,Toys,53
ORDER0375,1306.57,ITEM5280,Aisle-3,Apparel,8
ORDER0375,1306.57,ITEM10416,Aisle-4,Apparel,11
ORDER0375,1306.57,ITEM0390,Aisle-10,Tools,29
ORDER0375,1306.57,ITEM6416,Aisle-11,Apparel,32
ORDER0375,1306.57,ITEM12388,Aisle-20,Home,59
ORDER0376,1306.69,ITEM19227,Aisle-2,Groceries,5
ORDER0376,1306.69,ITEM7922,Aisle-9,Groceries,26
ORDER0376,1306.69,ITEM1757,Aisle-12,Tools,35
ORDER0376,1306.69,ITEM7249,Aisle-17,Tools,50
ORDER0377,1306.79,ITEM19201,Aisle-4,Tools,11
ORDER0377,1306.79,ITEM4482,Aisle-14,Toys,41
ORDER0377,1306.79,ITEM12908,Aisle-17,Groceries,50
ORDER0377,1306.79,ITEM13188,Aisle-19,Groceries,56
ORDER0377,1306.79,ITEM10828,Aisle-20,Toys,59
ORDER0378,1310.87,ITEM14735,Aisle-1,Groceries,2
ORDER0378,1310.87,ITEM11217,Aisle-2,Home,5
ORDER0378,1310.87,ITEM13952,Aisle-4,Toys,11
ORDER0378,1310.87,ITEM2929,Aisle-6,Groceries,17
ORDER0378,1310.87,ITEM15638,Aisle-6,Groceries,17
ORDER0378,1310.87,ITEM7231,Aisle-8,Tools,23
ORDER0378,1310.87,ITEM8451,Aisle-19,Electronics,56
ORDER0379,1311.16,ITEM14848,Aisle-2,Tools,5
ORDER0379,1311.16,ITEM17305,Aisle-3,Home,8
ORDER0379,1311.16,ITEM6049,Aisle-5,Home,14
ORDER0379,1311.16,ITEM6992,Aisle-7,Apparel,20
ORDER0379,1311.16,ITEM6308,Aisle-9,Books,26
ORDER0379,1311.16,ITEM3967,Aisle-11,Home,32
ORDER0379,1311.16,ITEM12451,Aisle-19,Toys,56
ORDER0380,1311.96,ITEM6141,Aisle-1,Books,2
ORDER0380,1311.96,ITEM14208,Aisle-1,Electronics,2
ORDER0380,1311.96,ITEM11369,Aisle-5,Toys,14
ORDER0380,1311.96,ITEM16648,Aisle-7,Home,20
ORDER0380,1311.96,ITEM12268,Aisle-7,Groceries,20
ORDER0380,1311.96,ITEM14940,Aisle-13,Toys,38
ORDER0381,1319.65,ITEM5442,Aisle-8,Groceries,23
ORDER0381,1319.65,ITEM6933,Aisle-9,Apparel,26
ORDER0381,1319.65,ITEM7931,Aisle-13,Home,38
ORDER0381,1319.65,ITEM13336,Aisle-13,Tools,38
ORDER0382,1326.56,ITEM19710,Aisle-7,Home,20
ORDER0382,1326.56,ITEM18236,Aisle-10,Home,29
ORDER0382,1326.56,ITEM6170,Aisle-18,Apparel,53
ORDER0383,1327.72,ITEM9453,Aisle-3,Home,8
ORDER0383,1327.72,ITEM6200,Aisle-8,Toys,23
ORDER0383,1327.72,ITEM3957,Aisle-8,Toys,23
ORDER0383,1327.72,ITEM5373,Aisle-11,Toys,32
ORDER0383,1327.72,ITEM15859,Aisle-13,Books,38
ORDER0383,1327.72,ITEM16973,Aisle-16,Electronics,47
ORDER0384,1328.72,ITEM17746,Aisle-9,Toys,26
ORDER0384,1328.72,ITEM10638,Aisle-11,Electronics,32
ORDER0384,1328.72,ITEM2721,Aisle-19,Groceries,56
ORDER0385,1328.73,ITEM17635,Aisle-1,Toys,2
ORDER0385,1328.73,ITEM14936,Aisle-1,Electronics,2
ORDER0385,1328.73,ITEM12273,Aisle-8,Toys,23
ORDER0385,1328.73,ITEM1278,Aisle-17,Groceries,50
ORDER0386,1335.56,ITEM19090,Aisle-2,Books,5
ORDER0386,1335.56,ITEM5156,Aisle-4,Tools,11
ORDER0386,1335.56,ITEM8969,Aisle-7,Groceries,20
ORDER0386,1335.56,ITEM18523,Aisle-10,Tools,29
ORDER0386,1335.56,ITEM0244,Aisle-14,Electronics,41
ORDER0386,1335.56,ITEM8319,Aisle-15,Apparel,44
ORDER0387,1340.52,ITEM13324,Aisle-3,Groceries,8
ORDER0387,1340.52,ITEM8504,Aisle-8,Books,23
ORDER0387,1340.52,ITEM10624,Aisle-10,Apparel,29
ORDER0387,1340.52,ITEM18085,Aisle-10,Electronics,29
ORDER0387,1340.52,ITEM8576,Aisle-13,Toys,38
ORDER0387,1340.52,ITEM4838,Aisle-16,Groceries,47
ORDER0387,1340.52,ITEM16318,Aisle-20,Toys,59
ORDER0388,1342.11,ITEM16512,Aisle-5,Apparel,14
ORDER0388,1342.11,ITEM18898,Aisle-6,Toys,17
ORDER0388,1342.11,ITEM2787,Aisle-8,Groceries,23
ORDER0388,1342.11,ITEM4286,Aisle-8,Apparel,23
ORDER0388,1342.11,ITEM16733,Aisle-11,Books,32
ORDER0388,1342.11,ITEM17835,Aisle-12,Toys,35
ORDER0388,1342.11,ITEM8910,Aisle-17,Toys,50
ORDER0388,1342.11,ITEM12812,Aisle-18,Tools,53
ORDER0389,1342.75,ITEM12129,Aisle-6,Books,17
ORDER0389,1342.75,ITEM11244,Aisle-9,Tools,26
ORDER0389,1342.75,ITEM1504,Aisle-12,Groceries,35
ORDER0389,1342.75,ITEM6911,Aisle-15,Groceries,44
ORDER0389,1342.75,ITEM12561,Aisle-16,Electronics,47
ORDER0390,1345.81,ITEM12553,Aisle-6,Toys,17
ORDER0390,1345.81,ITEM4923,Aisle-17,Tools,50
ORDER0391,1345.84,ITEM12490,Aisle-1,Tools,2
ORDER0391,1345.84,ITEM0973,Aisle-14,Books,41
ORDER0391,1345.84,ITEM11531,Aisle-18,Home,53
ORDER0391,1345.84,ITEM4273,Aisle-19,Electronics,56
ORDER0392,1346.88,ITEM9946,Aisle-4,Groceries,11
ORDER0392,1346.88,ITEM10592,Aisle-9,Toys,26
ORDER0392,1346.88,ITEM10822,Aisle-10,Electronics,29
ORDER0392,1346.88,ITEM4734,Aisle-11,Electronics,32
ORDER0392,1346.88,ITEM15656,Aisle-13,Tools,38
ORDER0392,1346.88,ITEM1544,Aisle-15,Apparel,44
ORDER0393,1352.01,ITEM7092,Aisle-2,Tools,5
ORDER0393,1352.01,ITEM11867,Aisle-3,Groceries,8
ORDER0393,1352.01,ITEM15276,Aisle-7,Tools,20
ORDER0393,1352.01,ITEM14436,Aisle-7,Books,20
ORDER0393,1352.01,ITEM8076,Aisle-9,Electronics,26
ORDER0393,1352.01,ITEM13873,Aisle-10,Home,29
ORDER0393,1352.01,ITEM7654,Aisle-12,Tools,35
ORDER0393,1352.01,ITEM3066,Aisle-12,Tools,35
ORDER0393,1352.01,ITEM6302,Aisle-16,Apparel,47
ORDER0393,1352.01,ITEM2316,Aisle-17,Home,50
ORDER0393,1352.01,ITEM0158,Aisle-17,Tools,50
ORDER0393,1352.01,ITEM4969,Aisle-17,Toys,50
ORDER0394,1356.96,ITEM11391,Aisle-2,Tools,5
ORDER0394,1356.96,ITEM18339,Aisle-3,Apparel,8
ORDER0394,1356.96,ITEM6714,Aisle-5,Groceries,14
ORDER0394,1356.96,ITEM14627,Aisle-5,Toys,14
ORDER0394,1356.96,ITEM10229,Aisle-17,Books,50
ORDER0395,1362.01,ITEM17862,Aisle-3,Home,8
ORDER0395,1362.01,ITEM8064,Aisle-7,Electronics,20
ORDER0395,1362.01,ITEM11497,Aisle-15,Home,44
ORDER0395,1362.01,ITEM14975,Aisle-18,Apparel,53
ORDER0396,1363.21,ITEM15833,Aisle-2,Groceries,5
ORDER0396,1363.21,ITEM6821,Aisle-3,Tools,8
ORDER0396,1363.21,ITEM6173,Aisle-4,Electronics,11
ORDER0396,1363.21,ITEM3726,Aisle-4,Electronics,11
ORDER0396,1363.21,ITEM8099,Aisle-20,Apparel,59
ORDER0397,1365.16,ITEM8711,Aisle-2,Home,5
ORDER0397,1365.16,ITEM10430,Aisle-6,Tools,17
ORDER0397,1365.16,ITEM5770,Aisle-12,Toys,35
ORDER0397,1365.16,ITEM4183,Aisle-13,Tools,38
ORDER0398,1365.73,ITEM17801,Aisle-1,Books,2
ORDER0398,1365.73,ITEM14930,Aisle-3,Books,8
ORDER0398,1365.73,ITEM5359,Aisle-4,Books,11
ORDER0398,1365.73,ITEM17998,Aisle-7,Electronics,20
ORDER0398,1365.73,ITEM7469,Aisle-15,Home,44
ORDER0398,1365.73,ITEM2257,Aisle-16,Electronics,47
ORDER0398,1365.73,ITEM11716,Aisle-16,Books,47
ORDER0399,1376.09,ITEM17144,Aisle-12,Tools,35
ORDER0399,1376.09,ITEM12939,Aisle-12,Books,35
ORDER0399,1376.09,ITEM6582,Aisle-13,Tools,38
ORDER0400,1376.77,ITEM6223,Aisle-3,Toys,8
ORDER0400,1376.77,ITEM7583,Aisle-13,Apparel,38
ORDER0400,1376.77,ITEM14566,Aisle-16,Electronics,47
ORDER0400,1376.77,ITEM8318,Aisle-16,Apparel,47
ORDER0400,1376.77,ITEM18003,Aisle-19,Books,56
ORDER0401,1377.2,ITEM5171,Aisle-1,Apparel,2
ORDER0401,1377.2,ITEM8944,Aisle-1,Home,2
ORDER0401,1377.2,ITEM3424,Aisle-11,Books,32
ORDER0401,1377.2,ITEM14421,Aisle-16,Home,47
ORDER0401,1377.2,ITEM11559,Aisle-16,Electronics,47
ORDER0402,1377.8,ITEM19579,Aisle-4,Home,11
ORDER0402,1377.8,ITEM15775,Aisle-7,Groceries,20
ORDER0402,1377.8,ITEM6480,Aisle-11,Home,32
ORDER0402,1377.8,ITEM8136,Aisle-13,Toys,38
ORDER0402,1377.8,ITEM17347,Aisle-14,Groceries,41
ORDER0402,1377.8,ITEM17963,Aisle-16,Books,47
ORDER0402,1377.8,ITEM10195,Aisle-18,Home,53
ORDER0403,1384.46,ITEM0067,Aisle-12,Toys,35
ORDER0403,1384.46,ITEM12810,Aisle-16,Toys,47
ORDER0403,1384.46,ITEM6744,Aisle-18,Electronics,53
ORDER0404,1385.86,ITEM7351,Aisle-1,Groceries,2
ORDER0404,1385.86,ITEM16300,Aisle-6,Groceries,17
ORDER0404,1385.86,ITEM3162,Aisle-8,Groceries,23
ORDER0404,1385.86,ITEM2017,Aisle-11,Toys,32
ORDER0404,1385.86,ITEM17983,Aisle-12,Tools,35
ORDER0404,1385.86,ITEM9485,Aisle-18,Toys,53
ORDER0405,1394.47,ITEM10145,Aisle-3,Home,8
ORDER0405,1394.47,ITEM14895,Aisle-7,Home,20
ORDER0405,1394.47,ITEM13778,Aisle-8,Apparel,23
ORDER0405,1394.47,ITEM18549,Aisle-10,Home,29
ORDER0405,1394.47,ITEM0948,Aisle-13,Books,38
ORDER0406,1401.18,ITEM18576,Aisle-4,Home,11
ORDER0406,1401.18,ITEM0048,Aisle-9,Groceries,26
ORDER0406,1401.18,ITEM12509,Aisle-14,Tools,41
ORDER0406,1401.18,ITEM0739,Aisle-17,Tools,50
ORDER0407,1407.54,ITEM2930,Aisle-3,Electronics,8
ORDER0407,1407.54,ITEM0040,Aisle-5,Apparel,14
ORDER0407,1407.54,ITEM15631,Aisle-9,Groceries,26
ORDER0407,1407.54,ITEM7145,Aisle-17,Electronics,50
ORDER0407,1407.54,ITEM17889,Aisle-19,Groceries,56
ORDER0408,1412.05,ITEM10072,Aisle-6,Books,17
ORDER0408,1412.05,ITEM13166,Aisle-7,Books,20
ORDER0408,1412.05,ITEM6222,Aisle-11,Books,32
ORDER0408,1412.05,ITEM8514,Aisle-12,Electronics,35
ORDER0408,1412.05,ITEM8870,Aisle-13,Toys,38
ORDER0408,1412.05,ITEM4598,Aisle-14,Books,41
ORDER0408,1412.05,ITEM0626,Aisle-15,Groceries,44
ORDER0408,1412.05,ITEM19303,Aisle-15,Tools,44
ORDER0408,1412.05,ITEM14034,Aisle-18,Toys,53
ORDER0409,1414.85,ITEM18316,Aisle-4,Apparel,11
ORDER0409,1414.85,ITEM16617,Aisle-4,Electronics,11
ORDER0409,1414.85,ITEM10166,Aisle-5,Apparel,14
ORDER0409,1414.85,ITEM19494,Aisle-5,Toys,14
ORDER0409,1414.85,ITEM16565,Aisle-9,Apparel,26
ORDER0409,1414.85,ITEM14620,Aisle-13,Apparel,38
ORDER0409,1414.85,ITEM18062,Aisle-14,Home,41
ORDER0410,1426.01,ITEM19144,Aisle-1,Tools,2
ORDER0410,1426.01,ITEM19864,Aisle-4,Apparel,11
ORDER0410,1426.01,ITEM19709,Aisle-16,Toys,47
ORDER0410,1426.01,ITEM10593,Aisle-17,Electronics,50
ORDER0410,1426.01,ITEM14664,Aisle-19,Electronics,56
ORDER0411,1428.41,ITEM15478,Aisle-7,Home,20
ORDER0411,1428.41,ITEM3480,Aisle-10,Toys,29
ORDER0411,1428.41,ITEM1730,Aisle-11,Apparel,32
ORDER0411,1428.41,ITEM13415,Aisle-16,Toys,47
ORDER0411,1428.41,ITEM11167,Aisle-17,Home,50
ORDER0411,1428.41,ITEM8045,Aisle-17,Apparel,50
ORDER0411,1428.41,ITEM3323,Aisle-18,Electronics,53
ORDER0412,1429.87,ITEM3883,Aisle-2,Books,5
ORDER0412,1429.87,ITEM1296,Aisle-3,Toys,8
ORDER0412,1429.87,ITEM18558,Aisle-12,Books,35
ORDER0412,1429.87,ITEM11619,Aisle-16,Books,47
ORDER0413,1429.89,ITEM0949,Aisle-3,Groceries,8
ORDER0413,1429.89,ITEM2495,Aisle-4,Home,11
ORDER0413,1429.89,ITEM0124,Aisle-10,Books,29
ORDER0413,1429.89,ITEM2007,Aisle-10,Electronics,29
ORDER0413,1429.89,ITEM5948,Aisle-13,Groceries,38
ORDER0413,1429.89,ITEM3521,Aisle-14,Tools,41
ORDER0413,1429.89,ITEM14961,Aisle-17,Home,50
ORDER0414,1430.5,ITEM7297,Aisle-2,Electronics,5
ORDER0414,1430.5,ITEM16321,Aisle-8,Groceries,23
ORDER0414,1430.5,ITEM15968,Aisle-8,Apparel,23
ORDER0414,1430.5,ITEM1585,Aisle-9,Toys,26
ORDER0414,1430.5,ITEM16903,Aisle-9,Groceries,26
ORDER0414,1430.5,ITEM1212,Aisle-13,Groceries,38
ORDER0414,1430.5,ITEM5773,Aisle-14,Toys,41
ORDER0415,1433.63,ITEM19032,Aisle-2,Home,5
ORDER0415,1433.63,ITEM17215,Aisle-10,Apparel,29
ORDER0415,1433.63,ITEM9132,Aisle-13,Tools,38
ORDER0415,1433.63,ITEM0822,Aisle-15,Apparel,44
ORDER0415,1433.63,ITEM14351,Aisle-19,Tools,56
ORDER0416,1435.09,ITEM3350,Aisle-3,Toys,8
ORDER0416,1435.09,ITEM8007,Aisle-4,Electronics,11
ORDER0416,1435.09,ITEM1131,Aisle-5,Electronics,14
ORDER0416,1435.09,ITEM1809,Aisle-7,Toys,20
ORDER0416,1435.09,ITEM15922,Aisle-10,Tools,29
ORDER0416,1435.09,ITEM17528,Aisle-14,Toys,41
ORDER0417,1436.28,ITEM10984,Aisle-2,Groceries,5
ORDER0417,1436.28,ITEM0652,Aisle-6,Tools,17
ORDER0417,1436.28,ITEM19713,Aisle-7,Groceries,20
ORDER0417,1436.28,ITEM3391,Aisle-7,Books,20
ORDER0417,1436.28,ITEM13679,Aisle-7,Home,20
ORDER0417,1436.28,ITEM11497,Aisle-15,Home,44
ORDER0417,1436.28,ITEM4251,Aisle-19,Books,56
ORDER0418,1438.84,ITEM18986,Aisle-3,Tools,8
ORDER0418,1438.84,ITEM12186,Aisle-12,Tools,35
ORDER0418,1438.84,ITEM16398,Aisle-13,Electronics,38
ORDER0418,1438.84,ITEM8992,Aisle-17,Apparel,50
